base_currency,target_currency,rate,rate_date
USD,AUD,1.2222,2015-01-01
USD,AUD,1.2362,2015-01-02
USD,AUD,1.2372,2015-01-05
USD,AUD,1.2369,2015-01-06
USD,AUD,1.2377,2015-01-07
USD,AUD,1.2311,2015-01-08
USD,AUD,1.2189,2015-01-09
USD,AUD,1.226,2015-01-12
USD,AUD,1.2246,2015-01-13
USD,AUD,1.2269,2015-01-14
USD,AUD,1.2176,2015-01-15
USD,AUD,1.2155,2015-01-16
USD,AUD,1.2178,2015-01-19
USD,AUD,1.2239,2015-01-20
USD,AUD,1.2368,2015-01-21
USD,AUD,1.246,2015-01-22
USD,AUD,1.2646,2015-01-23
USD,AUD,1.2618,2015-01-26
USD,AUD,1.2599,2015-01-27
USD,AUD,1.2677,2015-01-28
USD,AUD,1.2886,2015-01-29
USD,AUD,1.2873,2015-01-30
USD,AUD,1.2816,2015-02-02
USD,AUD,1.2832,2015-02-03
USD,AUD,1.2899,2015-02-04
USD,AUD,1.2824,2015-02-05
USD,AUD,1.2826,2015-02-06
USD,AUD,1.2816,2015-02-09
USD,AUD,1.287,2015-02-10
USD,AUD,1.2955,2015-02-11
USD,AUD,1.2928,2015-02-12
USD,AUD,1.2873,2015-02-13
USD,AUD,1.2865,2015-02-16
USD,AUD,1.2792,2015-02-17
USD,AUD,1.2802,2015-02-18
USD,AUD,1.2833,2015-02-19
USD,AUD,1.2749,2015-02-20
USD,AUD,1.2818,2015-02-23
USD,AUD,1.2768,2015-02-24
USD,AUD,1.2681,2015-02-25
USD,AUD,1.2821,2015-02-26
USD,AUD,1.2802,2015-02-27
USD,AUD,1.2876,2015-03-02
USD,AUD,1.2795,2015-03-03
USD,AUD,1.2793,2015-03-04
USD,AUD,1.285,2015-03-05
USD,AUD,1.2957,2015-03-06
USD,AUD,1.2985,2015-03-09
USD,AUD,1.3114,2015-03-10
USD,AUD,1.3167,2015-03-11
USD,AUD,1.2974,2015-03-12
USD,AUD,1.3094,2015-03-13
USD,AUD,1.3088,2015-03-16
USD,AUD,1.3127,2015-03-17
USD,AUD,1.2869,2015-03-18
USD,AUD,1.3075,2015-03-19
USD,AUD,1.2863,2015-03-20
USD,AUD,1.2689,2015-03-23
USD,AUD,1.2696,2015-03-24
USD,AUD,1.2747,2015-03-25
USD,AUD,1.2775,2015-03-26
USD,AUD,1.29,2015-03-27
USD,AUD,1.3064,2015-03-30
USD,AUD,1.3147,2015-03-31
USD,AUD,1.3159,2015-04-01
USD,AUD,1.3173,2015-04-02
USD,AUD,1.3104,2015-04-03
USD,AUD,1.3174,2015-04-06
USD,AUD,1.31,2015-04-07
USD,AUD,1.3016,2015-04-08
USD,AUD,1.2998,2015-04-09
USD,AUD,1.3014,2015-04-10
USD,AUD,1.3176,2015-04-13
USD,AUD,1.3114,2015-04-14
USD,AUD,1.302,2015-04-15
USD,AUD,1.2815,2015-04-16
USD,AUD,1.286,2015-04-17
USD,AUD,1.2944,2015-04-20
USD,AUD,1.2971,2015-04-21
USD,AUD,1.2895,2015-04-22
USD,AUD,1.2856,2015-04-23
USD,AUD,1.2791,2015-04-24
USD,AUD,1.2725,2015-04-27
USD,AUD,1.2462,2015-04-28
USD,AUD,1.2487,2015-04-29
USD,AUD,1.265,2015-04-30
USD,AUD,1.2736,2015-05-01
USD,AUD,1.2759,2015-05-04
USD,AUD,1.2591,2015-05-05
USD,AUD,1.2549,2015-05-06
USD,AUD,1.2647,2015-05-07
USD,AUD,1.2605,2015-05-08
USD,AUD,1.2674,2015-05-11
USD,AUD,1.2538,2015-05-12
USD,AUD,1.2327,2015-05-13
USD,AUD,1.2376,2015-05-14
USD,AUD,1.2447,2015-05-15
USD,AUD,1.2517,2015-05-18
USD,AUD,1.2636,2015-05-19
USD,AUD,1.2701,2015-05-20
USD,AUD,1.2667,2015-05-21
USD,AUD,1.2772,2015-05-22
USD,AUD,1.278,2015-05-25
USD,AUD,1.2927,2015-05-26
USD,AUD,1.294,2015-05-27
USD,AUD,1.3074,2015-05-28
USD,AUD,1.3088,2015-05-29
USD,AUD,1.3149,2015-06-01
USD,AUD,1.2866,2015-06-02
USD,AUD,1.2843,2015-06-03
USD,AUD,1.3005,2015-06-04
USD,AUD,1.3107,2015-06-05
USD,AUD,1.2985,2015-06-08
USD,AUD,1.3003,2015-06-09
USD,AUD,1.2887,2015-06-10
USD,AUD,1.2895,2015-06-11
USD,AUD,1.2935,2015-06-12
USD,AUD,1.2878,2015-06-15
USD,AUD,1.2901,2015-06-16
USD,AUD,1.2907,2015-06-17
USD,AUD,1.2823,2015-06-18
USD,AUD,1.2869,2015-06-19
USD,AUD,1.2939,2015-06-22
USD,AUD,1.2927,2015-06-23
USD,AUD,1.2981,2015-06-24
USD,AUD,1.2925,2015-06-25
USD,AUD,1.3063,2015-06-26
USD,AUD,1.3023,2015-06-29
USD,AUD,1.2973,2015-06-30
USD,AUD,1.3082,2015-07-01
USD,AUD,1.3103,2015-07-02
USD,AUD,1.3316,2015-07-03
USD,AUD,1.3332,2015-07-06
USD,AUD,1.3419,2015-07-07
USD,AUD,1.3461,2015-07-08
USD,AUD,1.3428,2015-07-09
USD,AUD,1.3431,2015-07-10
USD,AUD,1.3501,2015-07-13
USD,AUD,1.342,2015-07-14
USD,AUD,1.3553,2015-07-15
USD,AUD,1.3506,2015-07-16
USD,AUD,1.3565,2015-07-17
USD,AUD,1.3565,2015-07-20
USD,AUD,1.3478,2015-07-21
USD,AUD,1.356,2015-07-22
USD,AUD,1.3594,2015-07-23
USD,AUD,1.3732,2015-07-24
USD,AUD,1.3754,2015-07-27
USD,AUD,1.3629,2015-07-28
USD,AUD,1.3708,2015-07-29
USD,AUD,1.3713,2015-07-30
USD,AUD,1.369,2015-07-31
USD,AUD,1.3724,2015-08-03
USD,AUD,1.3551,2015-08-04
USD,AUD,1.3595,2015-08-05
USD,AUD,1.3613,2015-08-06
USD,AUD,1.348,2015-08-07
USD,AUD,1.349,2015-08-10
USD,AUD,1.3691,2015-08-11
USD,AUD,1.3552,2015-08-12
USD,AUD,1.3587,2015-08-13
USD,AUD,1.3567,2015-08-14
USD,AUD,1.3567,2015-08-17
USD,AUD,1.3624,2015-08-18
USD,AUD,1.3609,2015-08-19
USD,AUD,1.3629,2015-08-20
USD,AUD,1.3659,2015-08-21
USD,AUD,1.3969,2015-08-24
USD,AUD,1.4028,2015-08-25
USD,AUD,1.4041,2015-08-26
USD,AUD,1.3954,2015-08-27
USD,AUD,1.3941,2015-08-28
USD,AUD,1.4058,2015-08-31
USD,AUD,1.4247,2015-09-01
USD,AUD,1.4208,2015-09-02
USD,AUD,1.425,2015-09-03
USD,AUD,1.4477,2015-09-04
USD,AUD,1.4441,2015-09-07
USD,AUD,1.4251,2015-09-08
USD,AUD,1.4248,2015-09-09
USD,AUD,1.4139,2015-09-10
USD,AUD,1.4101,2015-09-11
USD,AUD,1.4011,2015-09-14
USD,AUD,1.4002,2015-09-15
USD,AUD,1.3894,2015-09-16
USD,AUD,1.394,2015-09-17
USD,AUD,1.391,2015-09-18
USD,AUD,1.4023,2015-09-21
USD,AUD,1.4103,2015-09-22
USD,AUD,1.4279,2015-09-23
USD,AUD,1.4235,2015-09-24
USD,AUD,1.4238,2015-09-25
USD,AUD,1.4307,2015-09-28
USD,AUD,1.4315,2015-09-29
USD,AUD,1.4246,2015-09-30
USD,AUD,1.4227,2015-10-01
USD,AUD,1.4188,2015-10-02
USD,AUD,1.4117,2015-10-05
USD,AUD,1.3955,2015-10-06
USD,AUD,1.3875,2015-10-07
USD,AUD,1.3774,2015-10-08
USD,AUD,1.3633,2015-10-09
USD,AUD,1.3584,2015-10-12
USD,AUD,1.3806,2015-10-13
USD,AUD,1.3699,2015-10-14
USD,AUD,1.3646,2015-10-15
USD,AUD,1.3772,2015-10-16
USD,AUD,1.3791,2015-10-19
USD,AUD,1.3773,2015-10-20
USD,AUD,1.3868,2015-10-21
USD,AUD,1.3875,2015-10-22
USD,AUD,1.386,2015-10-23
USD,AUD,1.3795,2015-10-26
USD,AUD,1.3905,2015-10-27
USD,AUD,1.4054,2015-10-28
USD,AUD,1.4142,2015-10-29
USD,AUD,1.4007,2015-10-30
USD,AUD,1.3994,2015-11-02
USD,AUD,1.3915,2015-11-03
USD,AUD,1.3989,2015-11-04
USD,AUD,1.3999,2015-11-05
USD,AUD,1.4187,2015-11-06
USD,AUD,1.419,2015-11-09
USD,AUD,1.4223,2015-11-10
USD,AUD,1.4163,2015-11-11
USD,AUD,1.4032,2015-11-12
USD,AUD,1.4022,2015-11-13
USD,AUD,1.4091,2015-11-16
USD,AUD,1.4062,2015-11-17
USD,AUD,1.4064,2015-11-18
USD,AUD,1.39,2015-11-19
USD,AUD,1.3811,2015-11-20
USD,AUD,1.39,2015-11-23
USD,AUD,1.3781,2015-11-24
USD,AUD,1.379,2015-11-25
USD,AUD,1.384,2015-11-26
USD,AUD,1.39,2015-11-27
USD,AUD,1.3834,2015-11-30
USD,AUD,1.3654,2015-12-01
USD,AUD,1.3681,2015-12-02
USD,AUD,1.3624,2015-12-03
USD,AUD,1.3622,2015-12-04
USD,AUD,1.3759,2015-12-07
USD,AUD,1.3858,2015-12-08
USD,AUD,1.3832,2015-12-09
USD,AUD,1.3734,2015-12-10
USD,AUD,1.3911,2015-12-11
USD,AUD,1.38,2015-12-14
USD,AUD,1.3903,2015-12-15
USD,AUD,1.3826,2015-12-16
USD,AUD,1.4029,2015-12-17
USD,AUD,1.3943,2015-12-18
USD,AUD,1.3908,2015-12-21
USD,AUD,1.3818,2015-12-22
USD,AUD,1.3827,2015-12-23
USD,AUD,1.3737,2015-12-24
USD,AUD,1.3806,2015-12-25
USD,AUD,1.3795,2015-12-28
USD,AUD,1.3706,2015-12-29
USD,AUD,1.3724,2015-12-30
USD,AUD,1.3737,2015-12-31
USD,AUD,1.3702,2016-01-01
USD,AUD,1.3904,2016-01-04
USD,AUD,1.3965,2016-01-05
USD,AUD,1.414,2016-01-06
USD,AUD,1.4262,2016-01-07
USD,AUD,1.4382,2016-01-08
USD,AUD,1.4295,2016-01-11
USD,AUD,1.4313,2016-01-12
USD,AUD,1.4375,2016-01-13
USD,AUD,1.4316,2016-01-14
USD,AUD,1.4557,2016-01-15
USD,AUD,1.4566,2016-01-18
USD,AUD,1.4477,2016-01-19
USD,AUD,1.4477,2016-01-20
USD,AUD,1.4289,2016-01-21
USD,AUD,1.4281,2016-01-22
USD,AUD,1.4378,2016-01-25
USD,AUD,1.4276,2016-01-26
USD,AUD,1.4233,2016-01-27
USD,AUD,1.4114,2016-01-28
USD,AUD,1.4115,2016-01-29
USD,AUD,1.4061,2016-02-01
USD,AUD,1.4207,2016-02-02
USD,AUD,1.395,2016-02-03
USD,AUD,1.3889,2016-02-04
USD,AUD,1.4141,2016-02-05
USD,AUD,1.411,2016-02-08
USD,AUD,1.4142,2016-02-09
USD,AUD,1.4092,2016-02-10
USD,AUD,1.4067,2016-02-11
USD,AUD,1.4072,2016-02-12
USD,AUD,1.401,2016-02-15
USD,AUD,1.4061,2016-02-16
USD,AUD,1.3918,2016-02-17
USD,AUD,1.3972,2016-02-18
USD,AUD,1.3985,2016-02-19
USD,AUD,1.3837,2016-02-22
USD,AUD,1.3883,2016-02-23
USD,AUD,1.3895,2016-02-24
USD,AUD,1.3822,2016-02-25
USD,AUD,1.4024,2016-02-26
USD,AUD,1.4002,2016-02-29
USD,AUD,1.3937,2016-03-01
USD,AUD,1.371,2016-03-02
USD,AUD,1.3602,2016-03-03
USD,AUD,1.3437,2016-03-04
USD,AUD,1.3391,2016-03-07
USD,AUD,1.3448,2016-03-08
USD,AUD,1.3358,2016-03-09
USD,AUD,1.3423,2016-03-10
USD,AUD,1.3226,2016-03-11
USD,AUD,1.3304,2016-03-14
USD,AUD,1.341,2016-03-15
USD,AUD,1.3242,2016-03-16
USD,AUD,1.3071,2016-03-17
USD,AUD,1.3152,2016-03-18
USD,AUD,1.3195,2016-03-21
USD,AUD,1.312,2016-03-22
USD,AUD,1.3277,2016-03-23
USD,AUD,1.3282,2016-03-24
USD,AUD,1.332,2016-03-25
USD,AUD,1.3253,2016-03-28
USD,AUD,1.3111,2016-03-29
USD,AUD,1.3036,2016-03-30
USD,AUD,1.3058,2016-03-31
USD,AUD,1.3039,2016-04-01
USD,AUD,1.3148,2016-04-04
USD,AUD,1.3252,2016-04-05
USD,AUD,1.316,2016-04-06
USD,AUD,1.3328,2016-04-07
USD,AUD,1.3234,2016-04-08
USD,AUD,1.3164,2016-04-11
USD,AUD,1.3013,2016-04-12
USD,AUD,1.3067,2016-04-13
USD,AUD,1.2993,2016-04-14
USD,AUD,1.2948,2016-04-15
USD,AUD,1.2904,2016-04-18
USD,AUD,1.2797,2016-04-19
USD,AUD,1.2831,2016-04-20
USD,AUD,1.2924,2016-04-21
USD,AUD,1.2975,2016-04-22
USD,AUD,1.2962,2016-04-25
USD,AUD,1.2907,2016-04-26
USD,AUD,1.318,2016-04-27
USD,AUD,1.3113,2016-04-28
USD,AUD,1.3153,2016-04-29
USD,AUD,1.3045,2016-05-02
USD,AUD,1.3362,2016-05-03
USD,AUD,1.341,2016-05-04
USD,AUD,1.3394,2016-05-05
USD,AUD,1.3572,2016-05-06
USD,AUD,1.3669,2016-05-09
USD,AUD,1.3582,2016-05-10
USD,AUD,1.3558,2016-05-11
USD,AUD,1.3651,2016-05-12
USD,AUD,1.3759,2016-05-13
USD,AUD,1.3719,2016-05-16
USD,AUD,1.3653,2016-05-17
USD,AUD,1.3831,2016-05-18
USD,AUD,1.3836,2016-05-19
USD,AUD,1.3847,2016-05-20
USD,AUD,1.3844,2016-05-23
USD,AUD,1.3922,2016-05-24
USD,AUD,1.3891,2016-05-25
USD,AUD,1.3839,2016-05-26
USD,AUD,1.3923,2016-05-27
USD,AUD,1.3923,2016-05-30
USD,AUD,1.3826,2016-05-31
USD,AUD,1.3781,2016-06-01
USD,AUD,1.3833,2016-06-02
USD,AUD,1.3573,2016-06-03
USD,AUD,1.3574,2016-06-06
USD,AUD,1.3406,2016-06-07
USD,AUD,1.3386,2016-06-08
USD,AUD,1.3455,2016-06-09
USD,AUD,1.3565,2016-06-10
USD,AUD,1.3537,2016-06-13
USD,AUD,1.3589,2016-06-14
USD,AUD,1.3499,2016-06-15
USD,AUD,1.3582,2016-06-16
USD,AUD,1.3517,2016-06-17
USD,AUD,1.3409,2016-06-20
USD,AUD,1.3423,2016-06-21
USD,AUD,1.3332,2016-06-22
USD,AUD,1.314,2016-06-23
USD,AUD,1.3399,2016-06-24
USD,AUD,1.3637,2016-06-27
USD,AUD,1.3536,2016-06-28
USD,AUD,1.342,2016-06-29
USD,AUD,1.3424,2016-06-30
USD,AUD,1.3335,2016-07-01
USD,AUD,1.3265,2016-07-04
USD,AUD,1.3401,2016-07-05
USD,AUD,1.3299,2016-07-06
USD,AUD,1.3362,2016-07-07
USD,AUD,1.3214,2016-07-08
USD,AUD,1.3278,2016-07-11
USD,AUD,1.312,2016-07-12
USD,AUD,1.3145,2016-07-13
USD,AUD,1.3104,2016-07-14
USD,AUD,1.3196,2016-07-15
USD,AUD,1.3174,2016-07-18
USD,AUD,1.3328,2016-07-19
USD,AUD,1.3373,2016-07-20
USD,AUD,1.334,2016-07-21
USD,AUD,1.3395,2016-07-22
USD,AUD,1.3388,2016-07-25
USD,AUD,1.3329,2016-07-26
USD,AUD,1.335,2016-07-27
USD,AUD,1.3329,2016-07-28
USD,AUD,1.3164,2016-07-29
USD,AUD,1.3269,2016-08-01
USD,AUD,1.3141,2016-08-02
USD,AUD,1.3177,2016-08-03
USD,AUD,1.311,2016-08-04
USD,AUD,1.3124,2016-08-05
USD,AUD,1.307,2016-08-08
USD,AUD,1.3035,2016-08-09
USD,AUD,1.2982,2016-08-10
USD,AUD,1.2989,2016-08-11
USD,AUD,1.3077,2016-08-12
USD,AUD,1.3032,2016-08-15
USD,AUD,1.2996,2016-08-16
USD,AUD,1.3064,2016-08-17
USD,AUD,1.3011,2016-08-18
USD,AUD,1.311,2016-08-19
USD,AUD,1.3127,2016-08-22
USD,AUD,1.3131,2016-08-23
USD,AUD,1.3136,2016-08-24
USD,AUD,1.3128,2016-08-25
USD,AUD,1.3221,2016-08-26
USD,AUD,1.3211,2016-08-29
USD,AUD,1.3312,2016-08-30
USD,AUD,1.3307,2016-08-31
USD,AUD,1.3242,2016-09-01
USD,AUD,1.3206,2016-09-02
USD,AUD,1.3188,2016-09-05
USD,AUD,1.3007,2016-09-06
USD,AUD,1.3033,2016-09-07
USD,AUD,1.3082,2016-09-08
USD,AUD,1.326,2016-09-09
USD,AUD,1.3217,2016-09-12
USD,AUD,1.3395,2016-09-13
USD,AUD,1.3388,2016-09-14
USD,AUD,1.3308,2016-09-15
USD,AUD,1.3351,2016-09-16
USD,AUD,1.3273,2016-09-19
USD,AUD,1.3232,2016-09-20
USD,AUD,1.3117,2016-09-21
USD,AUD,1.3082,2016-09-22
USD,AUD,1.3123,2016-09-23
USD,AUD,1.3095,2016-09-26
USD,AUD,1.3043,2016-09-27
USD,AUD,1.3,2016-09-28
USD,AUD,1.3096,2016-09-29
USD,AUD,1.3048,2016-09-30
USD,AUD,1.3031,2016-10-03
USD,AUD,1.3121,2016-10-04
USD,AUD,1.3121,2016-10-05
USD,AUD,1.3184,2016-10-06
USD,AUD,1.3198,2016-10-07
USD,AUD,1.3147,2016-10-10
USD,AUD,1.3264,2016-10-11
USD,AUD,1.3226,2016-10-12
USD,AUD,1.3211,2016-10-13
USD,AUD,1.3123,2016-10-14
USD,AUD,1.3109,2016-10-17
USD,AUD,1.3046,2016-10-18
USD,AUD,1.295,2016-10-19
USD,AUD,1.3112,2016-10-20
USD,AUD,1.3145,2016-10-21
USD,AUD,1.314,2016-10-24
USD,AUD,1.3078,2016-10-25
USD,AUD,1.3072,2016-10-26
USD,AUD,1.3175,2016-10-27
USD,AUD,1.3158,2016-10-28
USD,AUD,1.3142,2016-10-31
USD,AUD,1.3068,2016-11-01
USD,AUD,1.3055,2016-11-02
USD,AUD,1.3016,2016-11-03
USD,AUD,1.3033,2016-11-04
USD,AUD,1.2941,2016-11-07
USD,AUD,1.2883,2016-11-08
USD,AUD,1.3098,2016-11-09
USD,AUD,1.3135,2016-11-10
USD,AUD,1.3241,2016-11-11
USD,AUD,1.3238,2016-11-14
USD,AUD,1.3231,2016-11-15
USD,AUD,1.3369,2016-11-16
USD,AUD,1.3501,2016-11-17
USD,AUD,1.3627,2016-11-18
USD,AUD,1.3572,2016-11-21
USD,AUD,1.351,2016-11-22
USD,AUD,1.3541,2016-11-23
USD,AUD,1.35,2016-11-24
USD,AUD,1.3433,2016-11-25
USD,AUD,1.3365,2016-11-28
USD,AUD,1.3362,2016-11-29
USD,AUD,1.354,2016-11-30
USD,AUD,1.3488,2016-12-01
USD,AUD,1.3401,2016-12-02
USD,AUD,1.3383,2016-12-05
USD,AUD,1.3403,2016-12-06
USD,AUD,1.3366,2016-12-07
USD,AUD,1.3403,2016-12-08
USD,AUD,1.3417,2016-12-09
USD,AUD,1.3337,2016-12-12
USD,AUD,1.3335,2016-12-13
USD,AUD,1.3503,2016-12-14
USD,AUD,1.359,2016-12-15
USD,AUD,1.3688,2016-12-16
USD,AUD,1.3801,2016-12-19
USD,AUD,1.3775,2016-12-20
USD,AUD,1.3816,2016-12-21
USD,AUD,1.3856,2016-12-22
USD,AUD,1.3923,2016-12-23
USD,AUD,1.391,2016-12-26
USD,AUD,1.3916,2016-12-27
USD,AUD,1.3933,2016-12-28
USD,AUD,1.3854,2016-12-29
USD,AUD,1.3858,2016-12-30
USD,AUD,1.3917,2017-01-02
USD,AUD,1.384,2017-01-03
USD,AUD,1.3729,2017-01-04
USD,AUD,1.3631,2017-01-05
USD,AUD,1.3703,2017-01-06
USD,AUD,1.3599,2017-01-09
USD,AUD,1.357,2017-01-10
USD,AUD,1.3439,2017-01-11
USD,AUD,1.3364,2017-01-12
USD,AUD,1.333,2017-01-13
USD,AUD,1.3374,2017-01-16
USD,AUD,1.3216,2017-01-17
USD,AUD,1.3324,2017-01-18
USD,AUD,1.3225,2017-01-19
USD,AUD,1.3236,2017-01-20
USD,AUD,1.3187,2017-01-23
USD,AUD,1.3189,2017-01-24
USD,AUD,1.3206,2017-01-25
USD,AUD,1.3272,2017-01-26
USD,AUD,1.3243,2017-01-27
USD,AUD,1.3236,2017-01-30
USD,AUD,1.3184,2017-01-31
USD,AUD,1.3183,2017-02-01
USD,AUD,1.3059,2017-02-02
USD,AUD,1.3015,2017-02-03
USD,AUD,1.3056,2017-02-06
USD,AUD,1.3115,2017-02-07
USD,AUD,1.3081,2017-02-08
USD,AUD,1.3116,2017-02-09
USD,AUD,1.3028,2017-02-10
USD,AUD,1.309,2017-02-13
USD,AUD,1.3048,2017-02-14
USD,AUD,1.2971,2017-02-15
USD,AUD,1.2998,2017-02-16
USD,AUD,1.3036,2017-02-17
USD,AUD,1.3006,2017-02-20
USD,AUD,1.3028,2017-02-21
USD,AUD,1.2982,2017-02-22
USD,AUD,1.2961,2017-02-23
USD,AUD,1.3032,2017-02-24
USD,AUD,1.3032,2017-02-27
USD,AUD,1.3059,2017-02-28
USD,AUD,1.3025,2017-03-01
USD,AUD,1.3207,2017-03-02
USD,AUD,1.3166,2017-03-03
USD,AUD,1.3195,2017-03-06
USD,AUD,1.3179,2017-03-07
USD,AUD,1.3286,2017-03-08
USD,AUD,1.3324,2017-03-09
USD,AUD,1.326,2017-03-10
USD,AUD,1.3209,2017-03-13
USD,AUD,1.3229,2017-03-14
USD,AUD,1.2971,2017-03-15
USD,AUD,1.3025,2017-03-16
USD,AUD,1.2982,2017-03-17
USD,AUD,1.2937,2017-03-20
USD,AUD,1.3003,2017-03-21
USD,AUD,1.3025,2017-03-22
USD,AUD,1.311,2017-03-23
USD,AUD,1.312,2017-03-24
USD,AUD,1.3127,2017-03-27
USD,AUD,1.31,2017-03-28
USD,AUD,1.3038,2017-03-29
USD,AUD,1.3088,2017-03-30
USD,AUD,1.3109,2017-03-31
USD,AUD,1.315,2017-04-03
USD,AUD,1.3219,2017-04-04
USD,AUD,1.321,2017-04-05
USD,AUD,1.3252,2017-04-06
USD,AUD,1.3334,2017-04-07
USD,AUD,1.3332,2017-04-10
USD,AUD,1.3335,2017-04-11
USD,AUD,1.3296,2017-04-12
USD,AUD,1.3213,2017-04-13
USD,AUD,1.3198,2017-04-14
USD,AUD,1.3175,2017-04-17
USD,AUD,1.3227,2017-04-18
USD,AUD,1.3338,2017-04-19
USD,AUD,1.3286,2017-04-20
USD,AUD,1.3258,2017-04-21
USD,AUD,1.3209,2017-04-24
USD,AUD,1.3271,2017-04-25
USD,AUD,1.3379,2017-04-26
USD,AUD,1.3397,2017-04-27
USD,AUD,1.3354,2017-04-28
USD,AUD,1.3288,2017-05-01
USD,AUD,1.327,2017-05-02
USD,AUD,1.3472,2017-05-03
USD,AUD,1.3497,2017-05-04
USD,AUD,1.3475,2017-05-05
USD,AUD,1.3537,2017-05-08
USD,AUD,1.3615,2017-05-09
USD,AUD,1.3571,2017-05-10
USD,AUD,1.3552,2017-05-11
USD,AUD,1.3539,2017-05-12
USD,AUD,1.349,2017-05-15
USD,AUD,1.3465,2017-05-16
USD,AUD,1.3458,2017-05-17
USD,AUD,1.348,2017-05-18
USD,AUD,1.3403,2017-05-19
USD,AUD,1.3376,2017-05-22
USD,AUD,1.3372,2017-05-23
USD,AUD,1.3326,2017-05-24
USD,AUD,1.3416,2017-05-25
USD,AUD,1.3428,2017-05-26
USD,AUD,1.344,2017-05-29
USD,AUD,1.3395,2017-05-30
USD,AUD,1.3458,2017-05-31
USD,AUD,1.3561,2017-06-01
USD,AUD,1.343,2017-06-02
USD,AUD,1.3357,2017-06-05
USD,AUD,1.3319,2017-06-06
USD,AUD,1.3245,2017-06-07
USD,AUD,1.3252,2017-06-08
USD,AUD,1.3279,2017-06-09
USD,AUD,1.326,2017-06-12
USD,AUD,1.3267,2017-06-13
USD,AUD,1.318,2017-06-14
USD,AUD,1.3195,2017-06-15
USD,AUD,1.3123,2017-06-16
USD,AUD,1.3161,2017-06-19
USD,AUD,1.3192,2017-06-20
USD,AUD,1.3239,2017-06-21
USD,AUD,1.3259,2017-06-22
USD,AUD,1.3212,2017-06-23
USD,AUD,1.3184,2017-06-26
USD,AUD,1.3188,2017-06-27
USD,AUD,1.3088,2017-06-28
USD,AUD,1.3015,2017-06-29
USD,AUD,1.3003,2017-06-30
USD,AUD,1.3053,2017-07-03
USD,AUD,1.3151,2017-07-04
USD,AUD,1.3153,2017-07-05
USD,AUD,1.3182,2017-07-06
USD,AUD,1.3148,2017-07-07
USD,AUD,1.3146,2017-07-10
USD,AUD,1.3094,2017-07-11
USD,AUD,1.3024,2017-07-12
USD,AUD,1.2937,2017-07-13
USD,AUD,1.2767,2017-07-14
USD,AUD,1.282,2017-07-17
USD,AUD,1.2633,2017-07-18
USD,AUD,1.2575,2017-07-19
USD,AUD,1.2565,2017-07-20
USD,AUD,1.2634,2017-07-21
USD,AUD,1.262,2017-07-24
USD,AUD,1.26,2017-07-25
USD,AUD,1.2491,2017-07-26
USD,AUD,1.2552,2017-07-27
USD,AUD,1.2521,2017-07-28
USD,AUD,1.2496,2017-07-31
USD,AUD,1.255,2017-08-01
USD,AUD,1.2551,2017-08-02
USD,AUD,1.2581,2017-08-03
USD,AUD,1.2616,2017-08-04
USD,AUD,1.2638,2017-08-07
USD,AUD,1.2638,2017-08-08
USD,AUD,1.2677,2017-08-09
USD,AUD,1.2699,2017-08-10
USD,AUD,1.2665,2017-08-11
USD,AUD,1.2737,2017-08-14
USD,AUD,1.2786,2017-08-15
USD,AUD,1.2619,2017-08-16
USD,AUD,1.2681,2017-08-17
USD,AUD,1.261,2017-08-18
USD,AUD,1.2596,2017-08-21
USD,AUD,1.2641,2017-08-22
USD,AUD,1.2651,2017-08-23
USD,AUD,1.2655,2017-08-24
USD,AUD,1.2611,2017-08-25
USD,AUD,1.2559,2017-08-28
USD,AUD,1.2583,2017-08-29
USD,AUD,1.2652,2017-08-30
USD,AUD,1.2584,2017-08-31
USD,AUD,1.2551,2017-09-01
USD,AUD,1.2587,2017-09-04
USD,AUD,1.2507,2017-09-05
USD,AUD,1.25,2017-09-06
USD,AUD,1.2427,2017-09-07
USD,AUD,1.2409,2017-09-08
USD,AUD,1.2455,2017-09-11
USD,AUD,1.2474,2017-09-12
USD,AUD,1.2524,2017-09-13
USD,AUD,1.2491,2017-09-14
USD,AUD,1.2497,2017-09-15
USD,AUD,1.2562,2017-09-18
USD,AUD,1.2485,2017-09-19
USD,AUD,1.2451,2017-09-20
USD,AUD,1.2604,2017-09-21
USD,AUD,1.2559,2017-09-22
USD,AUD,1.26,2017-09-25
USD,AUD,1.2679,2017-09-26
USD,AUD,1.2741,2017-09-27
USD,AUD,1.2728,2017-09-28
USD,AUD,1.2765,2017-09-29
USD,AUD,1.2777,2017-10-02
USD,AUD,1.2764,2017-10-03
USD,AUD,1.2718,2017-10-04
USD,AUD,1.2828,2017-10-05
USD,AUD,1.287,2017-10-06
USD,AUD,1.2899,2017-10-09
USD,AUD,1.2857,2017-10-10
USD,AUD,1.2841,2017-10-11
USD,AUD,1.2785,2017-10-12
USD,AUD,1.2676,2017-10-13
USD,AUD,1.2738,2017-10-16
USD,AUD,1.2746,2017-10-17
USD,AUD,1.2746,2017-10-18
USD,AUD,1.2691,2017-10-19
USD,AUD,1.279,2017-10-20
USD,AUD,1.281,2017-10-23
USD,AUD,1.286,2017-10-24
USD,AUD,1.2981,2017-10-25
USD,AUD,1.3053,2017-10-26
USD,AUD,1.3024,2017-10-27
USD,AUD,1.3008,2017-10-30
USD,AUD,1.306,2017-10-31
USD,AUD,1.3028,2017-11-01
USD,AUD,1.2965,2017-11-02
USD,AUD,1.307,2017-11-03
USD,AUD,1.3002,2017-11-06
USD,AUD,1.308,2017-11-07
USD,AUD,1.3025,2017-11-08
USD,AUD,1.3021,2017-11-09
USD,AUD,1.3052,2017-11-10
USD,AUD,1.3121,2017-11-13
USD,AUD,1.3104,2017-11-14
USD,AUD,1.3176,2017-11-15
USD,AUD,1.318,2017-11-16
USD,AUD,1.3217,2017-11-17
USD,AUD,1.3245,2017-11-20
USD,AUD,1.3195,2017-11-21
USD,AUD,1.3126,2017-11-22
USD,AUD,1.3116,2017-11-23
USD,AUD,1.3133,2017-11-24
USD,AUD,1.3154,2017-11-27
USD,AUD,1.3166,2017-11-28
USD,AUD,1.3208,2017-11-29
USD,AUD,1.3216,2017-11-30
USD,AUD,1.3142,2017-12-01
USD,AUD,1.3161,2017-12-04
USD,AUD,1.3147,2017-12-05
USD,AUD,1.3222,2017-12-06
USD,AUD,1.3312,2017-12-07
USD,AUD,1.3324,2017-12-08
USD,AUD,1.3288,2017-12-11
USD,AUD,1.3231,2017-12-12
USD,AUD,1.3094,2017-12-13
USD,AUD,1.3045,2017-12-14
USD,AUD,1.3081,2017-12-15
USD,AUD,1.3049,2017-12-18
USD,AUD,1.3049,2017-12-19
USD,AUD,1.3043,2017-12-20
USD,AUD,1.2984,2017-12-21
USD,AUD,1.296,2017-12-22
USD,AUD,1.2959,2017-12-25
USD,AUD,1.294,2017-12-26
USD,AUD,1.2874,2017-12-27
USD,AUD,1.2825,2017-12-28
USD,AUD,1.2818,2017-12-29
USD,AUD,1.2813,2018-01-01
USD,AUD,1.2772,2018-01-02
USD,AUD,1.2764,2018-01-03
USD,AUD,1.2717,2018-01-04
USD,AUD,1.2716,2018-01-05
USD,AUD,1.2754,2018-01-08
USD,AUD,1.2782,2018-01-09
USD,AUD,1.2751,2018-01-10
USD,AUD,1.2673,2018-01-11
USD,AUD,1.2638,2018-01-12
USD,AUD,1.2555,2018-01-15
USD,AUD,1.2562,2018-01-16
USD,AUD,1.2548,2018-01-17
USD,AUD,1.25,2018-01-18
USD,AUD,1.2512,2018-01-19
USD,AUD,1.2473,2018-01-22
USD,AUD,1.25,2018-01-23
USD,AUD,1.2405,2018-01-24
USD,AUD,1.2463,2018-01-25
USD,AUD,1.2328,2018-01-26
USD,AUD,1.2354,2018-01-29
USD,AUD,1.2372,2018-01-30
USD,AUD,1.2415,2018-01-31
USD,AUD,1.244,2018-02-01
USD,AUD,1.2622,2018-02-02
USD,AUD,1.2694,2018-02-05
USD,AUD,1.2648,2018-02-06
USD,AUD,1.2785,2018-02-07
USD,AUD,1.2854,2018-02-08
USD,AUD,1.2797,2018-02-09
USD,AUD,1.272,2018-02-12
USD,AUD,1.2724,2018-02-13
USD,AUD,1.2618,2018-02-14
USD,AUD,1.2586,2018-02-15
USD,AUD,1.2638,2018-02-16
USD,AUD,1.2639,2018-02-19
USD,AUD,1.2685,2018-02-20
USD,AUD,1.2814,2018-02-21
USD,AUD,1.2746,2018-02-22
USD,AUD,1.2748,2018-02-23
USD,AUD,1.273,2018-02-26
USD,AUD,1.2839,2018-02-27
USD,AUD,1.2884,2018-02-28
USD,AUD,1.2894,2018-03-01
USD,AUD,1.288,2018-03-02
USD,AUD,1.2878,2018-03-05
USD,AUD,1.2775,2018-03-06
USD,AUD,1.278,2018-03-07
USD,AUD,1.2835,2018-03-08
USD,AUD,1.2737,2018-03-09
USD,AUD,1.2703,2018-03-12
USD,AUD,1.2724,2018-03-13
USD,AUD,1.2695,2018-03-14
USD,AUD,1.2823,2018-03-15
USD,AUD,1.2961,2018-03-16
USD,AUD,1.2957,2018-03-19
USD,AUD,1.3016,2018-03-20
USD,AUD,1.288,2018-03-21
USD,AUD,1.3,2018-03-22
USD,AUD,1.2992,2018-03-23
USD,AUD,1.2906,2018-03-26
USD,AUD,1.3023,2018-03-27
USD,AUD,1.3053,2018-03-28
USD,AUD,1.3025,2018-03-29
USD,AUD,1.3023,2018-03-30
USD,AUD,1.3047,2018-04-02
USD,AUD,1.3014,2018-04-03
USD,AUD,1.2959,2018-04-04
USD,AUD,1.3013,2018-04-05
USD,AUD,1.3025,2018-04-06
USD,AUD,1.2991,2018-04-09
USD,AUD,1.2885,2018-04-10
USD,AUD,1.2895,2018-04-11
USD,AUD,1.2896,2018-04-12
USD,AUD,1.2874,2018-04-13
USD,AUD,1.2854,2018-04-16
USD,AUD,1.2876,2018-04-17
USD,AUD,1.2847,2018-04-18
USD,AUD,1.2936,2018-04-19
USD,AUD,1.3033,2018-04-20
USD,AUD,1.315,2018-04-23
USD,AUD,1.3151,2018-04-24
USD,AUD,1.3221,2018-04-25
USD,AUD,1.3239,2018-04-26
USD,AUD,1.3189,2018-04-27
USD,AUD,1.328,2018-04-30
USD,AUD,1.3351,2018-05-01
USD,AUD,1.3345,2018-05-02
USD,AUD,1.3278,2018-05-03
USD,AUD,1.3259,2018-05-04
USD,AUD,1.3296,2018-05-07
USD,AUD,1.341,2018-05-08
USD,AUD,1.3397,2018-05-09
USD,AUD,1.3275,2018-05-10
USD,AUD,1.3258,2018-05-11
USD,AUD,1.3288,2018-05-14
USD,AUD,1.3384,2018-05-15
USD,AUD,1.3304,2018-05-16
USD,AUD,1.3312,2018-05-17
USD,AUD,1.331,2018-05-18
USD,AUD,1.3189,2018-05-21
USD,AUD,1.32,2018-05-22
USD,AUD,1.3228,2018-05-23
USD,AUD,1.32,2018-05-24
USD,AUD,1.3247,2018-05-25
USD,AUD,1.3253,2018-05-28
USD,AUD,1.3325,2018-05-29
USD,AUD,1.3197,2018-05-30
USD,AUD,1.3213,2018-05-31
USD,AUD,1.3214,2018-06-01
USD,AUD,1.308,2018-06-04
USD,AUD,1.3128,2018-06-05
USD,AUD,1.3043,2018-06-06
USD,AUD,1.3113,2018-06-07
USD,AUD,1.3158,2018-06-08
USD,AUD,1.3138,2018-06-11
USD,AUD,1.3204,2018-06-12
USD,AUD,1.3196,2018-06-13
USD,AUD,1.3369,2018-06-14
USD,AUD,1.3434,2018-06-15
USD,AUD,1.3471,2018-06-18
USD,AUD,1.3544,2018-06-19
USD,AUD,1.3572,2018-06-20
USD,AUD,1.3548,2018-06-21
USD,AUD,1.3439,2018-06-22
USD,AUD,1.3488,2018-06-25
USD,AUD,1.3525,2018-06-26
USD,AUD,1.3622,2018-06-27
USD,AUD,1.3597,2018-06-28
USD,AUD,1.3506,2018-06-29
USD,AUD,1.3622,2018-07-02
USD,AUD,1.3539,2018-07-03
USD,AUD,1.3546,2018-07-04
USD,AUD,1.3537,2018-07-05
USD,AUD,1.3453,2018-07-06
USD,AUD,1.3392,2018-07-09
USD,AUD,1.3407,2018-07-10
USD,AUD,1.3574,2018-07-11
USD,AUD,1.3498,2018-07-12
USD,AUD,1.347,2018-07-13
USD,AUD,1.3477,2018-07-16
USD,AUD,1.3534,2018-07-17
USD,AUD,1.3517,2018-07-18
USD,AUD,1.3589,2018-07-19
USD,AUD,1.3471,2018-07-20
USD,AUD,1.3548,2018-07-23
USD,AUD,1.3475,2018-07-24
USD,AUD,1.3414,2018-07-25
USD,AUD,1.3555,2018-07-26
USD,AUD,1.3511,2018-07-27
USD,AUD,1.3502,2018-07-30
USD,AUD,1.3462,2018-07-31
USD,AUD,1.3506,2018-08-01
USD,AUD,1.3587,2018-08-02
USD,AUD,1.3514,2018-08-03
USD,AUD,1.3537,2018-08-06
USD,AUD,1.3475,2018-08-07
USD,AUD,1.3456,2018-08-08
USD,AUD,1.3565,2018-08-09
USD,AUD,1.3698,2018-08-10
USD,AUD,1.3757,2018-08-13
USD,AUD,1.3803,2018-08-14
USD,AUD,1.3813,2018-08-15
USD,AUD,1.3772,2018-08-16
USD,AUD,1.3672,2018-08-17
USD,AUD,1.3624,2018-08-20
USD,AUD,1.3568,2018-08-21
USD,AUD,1.3611,2018-08-22
USD,AUD,1.3792,2018-08-23
USD,AUD,1.3645,2018-08-24
USD,AUD,1.3601,2018-08-27
USD,AUD,1.3628,2018-08-28
USD,AUD,1.3679,2018-08-29
USD,AUD,1.3762,2018-08-30
USD,AUD,1.3897,2018-08-31
USD,AUD,1.3863,2018-09-03
USD,AUD,1.3929,2018-09-04
USD,AUD,1.3904,2018-09-05
USD,AUD,1.3893,2018-09-06
USD,AUD,1.4071,2018-09-07
USD,AUD,1.4055,2018-09-10
USD,AUD,1.4036,2018-09-11
USD,AUD,1.3949,2018-09-12
USD,AUD,1.3902,2018-09-13
USD,AUD,1.3981,2018-09-14
USD,AUD,1.3923,2018-09-17
USD,AUD,1.3851,2018-09-18
USD,AUD,1.3767,2018-09-19
USD,AUD,1.3715,2018-09-20
USD,AUD,1.3715,2018-09-21
USD,AUD,1.3787,2018-09-24
USD,AUD,1.3792,2018-09-25
USD,AUD,1.3777,2018-09-26
USD,AUD,1.3875,2018-09-27
USD,AUD,1.3831,2018-09-28
USD,AUD,1.3842,2018-10-01
USD,AUD,1.3911,2018-10-02
USD,AUD,1.4076,2018-10-03
USD,AUD,1.4136,2018-10-04
USD,AUD,1.418,2018-10-05
USD,AUD,1.4127,2018-10-08
USD,AUD,1.4079,2018-10-09
USD,AUD,1.4159,2018-10-10
USD,AUD,1.4037,2018-10-11
USD,AUD,1.4047,2018-10-12
USD,AUD,1.4023,2018-10-15
USD,AUD,1.4004,2018-10-16
USD,AUD,1.4067,2018-10-17
USD,AUD,1.4086,2018-10-18
USD,AUD,1.4043,2018-10-19
USD,AUD,1.4122,2018-10-22
USD,AUD,1.4112,2018-10-23
USD,AUD,1.4166,2018-10-24
USD,AUD,1.4122,2018-10-25
USD,AUD,1.4092,2018-10-26
USD,AUD,1.4175,2018-10-29
USD,AUD,1.4073,2018-10-30
USD,AUD,1.4137,2018-10-31
USD,AUD,1.3878,2018-11-01
USD,AUD,1.389,2018-11-02
USD,AUD,1.3867,2018-11-05
USD,AUD,1.3799,2018-11-06
USD,AUD,1.3743,2018-11-07
USD,AUD,1.378,2018-11-08
USD,AUD,1.3841,2018-11-09
USD,AUD,1.3941,2018-11-12
USD,AUD,1.3853,2018-11-13
USD,AUD,1.3819,2018-11-14
USD,AUD,1.3743,2018-11-15
USD,AUD,1.3631,2018-11-16
USD,AUD,1.3709,2018-11-19
USD,AUD,1.3862,2018-11-20
USD,AUD,1.377,2018-11-21
USD,AUD,1.3785,2018-11-22
USD,AUD,1.3819,2018-11-23
USD,AUD,1.3849,2018-11-26
USD,AUD,1.3843,2018-11-27
USD,AUD,1.3689,2018-11-28
USD,AUD,1.3663,2018-11-29
USD,AUD,1.3666,2018-11-30
USD,AUD,1.3592,2018-12-03
USD,AUD,1.3626,2018-12-04
USD,AUD,1.3757,2018-12-05
USD,AUD,1.382,2018-12-06
USD,AUD,1.3889,2018-12-07
USD,AUD,1.3907,2018-12-10
USD,AUD,1.3877,2018-12-11
USD,AUD,1.3848,2018-12-12
USD,AUD,1.3837,2018-12-13
USD,AUD,1.3934,2018-12-14
USD,AUD,1.3926,2018-12-17
USD,AUD,1.3923,2018-12-18
USD,AUD,1.4069,2018-12-19
USD,AUD,1.4066,2018-12-20
USD,AUD,1.4219,2018-12-21
USD,AUD,1.416,2018-12-24
USD,AUD,1.421,2018-12-25
USD,AUD,1.4149,2018-12-26
USD,AUD,1.4214,2018-12-27
USD,AUD,1.4198,2018-12-28
USD,AUD,1.4181,2018-12-31
USD,AUD,1.4178,2019-01-01
USD,AUD,1.4316,2019-01-02
USD,AUD,1.4276,2019-01-03
USD,AUD,1.4046,2019-01-04
USD,AUD,1.399,2019-01-07
USD,AUD,1.4003,2019-01-08
USD,AUD,1.3945,2019-01-09
USD,AUD,1.3917,2019-01-10
USD,AUD,1.3864,2019-01-11
USD,AUD,1.3897,2019-01-14
USD,AUD,1.3886,2019-01-15
USD,AUD,1.3951,2019-01-16
USD,AUD,1.3902,2019-01-17
USD,AUD,1.3951,2019-01-18
USD,AUD,1.3969,2019-01-21
USD,AUD,1.4039,2019-01-22
USD,AUD,1.4002,2019-01-23
USD,AUD,1.4094,2019-01-24
USD,AUD,1.3926,2019-01-25
USD,AUD,1.3955,2019-01-28
USD,AUD,1.3975,2019-01-29
USD,AUD,1.3799,2019-01-30
USD,AUD,1.3744,2019-01-31
USD,AUD,1.3795,2019-02-01
USD,AUD,1.3839,2019-02-04
USD,AUD,1.3822,2019-02-05
USD,AUD,1.4077,2019-02-06
USD,AUD,1.4082,2019-02-07
USD,AUD,1.4108,2019-02-08
USD,AUD,1.4161,2019-02-11
USD,AUD,1.4095,2019-02-12
USD,AUD,1.4105,2019-02-13
USD,AUD,1.4074,2019-02-14
USD,AUD,1.3993,2019-02-15
USD,AUD,1.4023,2019-02-18
USD,AUD,1.3956,2019-02-19
USD,AUD,1.3959,2019-02-20
USD,AUD,1.4102,2019-02-21
USD,AUD,1.403,2019-02-22
USD,AUD,1.3952,2019-02-25
USD,AUD,1.3911,2019-02-26
USD,AUD,1.4006,2019-02-27
USD,AUD,1.4094,2019-02-28
USD,AUD,1.4119,2019-03-01
USD,AUD,1.4099,2019-03-04
USD,AUD,1.4116,2019-03-05
USD,AUD,1.422,2019-03-06
USD,AUD,1.4254,2019-03-07
USD,AUD,1.4189,2019-03-08
USD,AUD,1.4143,2019-03-11
USD,AUD,1.4122,2019-03-12
USD,AUD,1.4096,2019-03-13
USD,AUD,1.4155,2019-03-14
USD,AUD,1.4105,2019-03-15
USD,AUD,1.4076,2019-03-18
USD,AUD,1.4108,2019-03-19
USD,AUD,1.4054,2019-03-20
USD,AUD,1.4062,2019-03-21
USD,AUD,1.4117,2019-03-22
USD,AUD,1.406,2019-03-25
USD,AUD,1.4016,2019-03-26
USD,AUD,1.4114,2019-03-27
USD,AUD,1.4132,2019-03-28
USD,AUD,1.4091,2019-03-29
USD,AUD,1.4061,2019-04-01
USD,AUD,1.4142,2019-04-02
USD,AUD,1.406,2019-04-03
USD,AUD,1.4061,2019-04-04
USD,AUD,1.4074,2019-04-05
USD,AUD,1.4031,2019-04-08
USD,AUD,1.4036,2019-04-09
USD,AUD,1.3942,2019-04-10
USD,AUD,1.4037,2019-04-11
USD,AUD,1.3942,2019-04-12
USD,AUD,1.3939,2019-04-15
USD,AUD,1.3936,2019-04-16
USD,AUD,1.393,2019-04-17
USD,AUD,1.3984,2019-04-18
USD,AUD,1.3981,2019-04-19
USD,AUD,1.4018,2019-04-22
USD,AUD,1.4081,2019-04-23
USD,AUD,1.4254,2019-04-24
USD,AUD,1.4254,2019-04-25
USD,AUD,1.4205,2019-04-26
USD,AUD,1.4169,2019-04-29
USD,AUD,1.4186,2019-04-30
USD,AUD,1.4254,2019-05-01
USD,AUD,1.4285,2019-05-02
USD,AUD,1.4237,2019-05-03
USD,AUD,1.4306,2019-05-06
USD,AUD,1.4258,2019-05-07
USD,AUD,1.4309,2019-05-08
USD,AUD,1.4308,2019-05-09
USD,AUD,1.4284,2019-05-10
USD,AUD,1.4401,2019-05-13
USD,AUD,1.4402,2019-05-14
USD,AUD,1.4434,2019-05-15
USD,AUD,1.4508,2019-05-16
USD,AUD,1.4561,2019-05-17
USD,AUD,1.4475,2019-05-20
USD,AUD,1.4528,2019-05-21
USD,AUD,1.4531,2019-05-22
USD,AUD,1.4492,2019-05-23
USD,AUD,1.4443,2019-05-24
USD,AUD,1.4452,2019-05-27
USD,AUD,1.4442,2019-05-28
USD,AUD,1.4456,2019-05-29
USD,AUD,1.4468,2019-05-30
USD,AUD,1.4408,2019-05-31
USD,AUD,1.4333,2019-06-03
USD,AUD,1.4304,2019-06-04
USD,AUD,1.4347,2019-06-05
USD,AUD,1.4331,2019-06-06
USD,AUD,1.4288,2019-06-07
USD,AUD,1.4359,2019-06-10
USD,AUD,1.4363,2019-06-11
USD,AUD,1.4432,2019-06-12
USD,AUD,1.4463,2019-06-13
USD,AUD,1.455,2019-06-14
USD,AUD,1.4592,2019-06-17
USD,AUD,1.4541,2019-06-18
USD,AUD,1.4531,2019-06-19
USD,AUD,1.4445,2019-06-20
USD,AUD,1.4443,2019-06-21
USD,AUD,1.4364,2019-06-24
USD,AUD,1.4368,2019-06-25
USD,AUD,1.4316,2019-06-26
USD,AUD,1.4267,2019-06-27
USD,AUD,1.4244,2019-06-28
USD,AUD,1.4356,2019-07-01
USD,AUD,1.4297,2019-07-02
USD,AUD,1.4227,2019-07-03
USD,AUD,1.4242,2019-07-04
USD,AUD,1.4328,2019-07-05
USD,AUD,1.4343,2019-07-08
USD,AUD,1.4433,2019-07-09
USD,AUD,1.4369,2019-07-10
USD,AUD,1.4337,2019-07-11
USD,AUD,1.4249,2019-07-12
USD,AUD,1.4205,2019-07-15
USD,AUD,1.426,2019-07-16
USD,AUD,1.4265,2019-07-17
USD,AUD,1.4133,2019-07-18
USD,AUD,1.4199,2019-07-19
USD,AUD,1.4213,2019-07-22
USD,AUD,1.4277,2019-07-23
USD,AUD,1.4333,2019-07-24
USD,AUD,1.4382,2019-07-25
USD,AUD,1.4472,2019-07-26
USD,AUD,1.4489,2019-07-29
USD,AUD,1.4552,2019-07-30
USD,AUD,1.461,2019-07-31
USD,AUD,1.4706,2019-08-01
USD,AUD,1.4706,2019-08-02
USD,AUD,1.48,2019-08-05
USD,AUD,1.4791,2019-08-06
USD,AUD,1.4802,2019-08-07
USD,AUD,1.4704,2019-08-08
USD,AUD,1.4737,2019-08-09
USD,AUD,1.4808,2019-08-12
USD,AUD,1.4704,2019-08-13
USD,AUD,1.4819,2019-08-14
USD,AUD,1.4758,2019-08-15
USD,AUD,1.4747,2019-08-16
USD,AUD,1.4784,2019-08-19
USD,AUD,1.4754,2019-08-20
USD,AUD,1.4747,2019-08-21
USD,AUD,1.48,2019-08-22
USD,AUD,1.4801,2019-08-23
USD,AUD,1.476,2019-08-26
USD,AUD,1.4811,2019-08-27
USD,AUD,1.485,2019-08-28
USD,AUD,1.4867,2019-08-29
USD,AUD,1.4844,2019-08-30
USD,AUD,1.4891,2019-09-02
USD,AUD,1.4797,2019-09-03
USD,AUD,1.4713,2019-09-04
USD,AUD,1.4674,2019-09-05
USD,AUD,1.4605,2019-09-06
USD,AUD,1.4573,2019-09-09
USD,AUD,1.4575,2019-09-10
USD,AUD,1.4573,2019-09-11
USD,AUD,1.4563,2019-09-12
USD,AUD,1.4539,2019-09-13
USD,AUD,1.4566,2019-09-16
USD,AUD,1.4564,2019-09-17
USD,AUD,1.4646,2019-09-18
USD,AUD,1.4721,2019-09-19
USD,AUD,1.4773,2019-09-20
USD,AUD,1.4764,2019-09-23
USD,AUD,1.4702,2019-09-24
USD,AUD,1.4813,2019-09-25
USD,AUD,1.4817,2019-09-26
USD,AUD,1.4781,2019-09-27
USD,AUD,1.4819,2019-09-30
USD,AUD,1.4917,2019-10-01
USD,AUD,1.4914,2019-10-02
USD,AUD,1.4833,2019-10-03
USD,AUD,1.4773,2019-10-04
USD,AUD,1.4855,2019-10-07
USD,AUD,1.4861,2019-10-08
USD,AUD,1.4869,2019-10-09
USD,AUD,1.479,2019-10-10
USD,AUD,1.473,2019-10-11
USD,AUD,1.476,2019-10-14
USD,AUD,1.4808,2019-10-15
USD,AUD,1.4797,2019-10-16
USD,AUD,1.4655,2019-10-17
USD,AUD,1.4586,2019-10-18
USD,AUD,1.456,2019-10-21
USD,AUD,1.4585,2019-10-22
USD,AUD,1.459,2019-10-23
USD,AUD,1.4664,2019-10-24
USD,AUD,1.4656,2019-10-25
USD,AUD,1.4623,2019-10-28
USD,AUD,1.4568,2019-10-29
USD,AUD,1.4487,2019-10-30
USD,AUD,1.4505,2019-10-31
USD,AUD,1.4463,2019-11-01
USD,AUD,1.4527,2019-11-04
USD,AUD,1.4506,2019-11-05
USD,AUD,1.4529,2019-11-06
USD,AUD,1.4497,2019-11-07
USD,AUD,1.4575,2019-11-08
USD,AUD,1.4597,2019-11-11
USD,AUD,1.4616,2019-11-12
USD,AUD,1.4624,2019-11-13
USD,AUD,1.4734,2019-11-14
USD,AUD,1.4663,2019-11-15
USD,AUD,1.4684,2019-11-18
USD,AUD,1.4647,2019-11-19
USD,AUD,1.47,2019-11-20
USD,AUD,1.4737,2019-11-21
USD,AUD,1.4735,2019-11-22
USD,AUD,1.4751,2019-11-25
USD,AUD,1.4732,2019-11-26
USD,AUD,1.4756,2019-11-27
USD,AUD,1.4772,2019-11-28
USD,AUD,1.4782,2019-11-29
USD,AUD,1.4667,2019-12-02
USD,AUD,1.4605,2019-12-03
USD,AUD,1.4599,2019-12-04
USD,AUD,1.4633,2019-12-05
USD,AUD,1.4622,2019-12-06
USD,AUD,1.4657,2019-12-09
USD,AUD,1.4685,2019-12-10
USD,AUD,1.4543,2019-12-11
USD,AUD,1.4474,2019-12-12
USD,AUD,1.4543,2019-12-13
USD,AUD,1.4524,2019-12-16
USD,AUD,1.4595,2019-12-17
USD,AUD,1.4592,2019-12-18
USD,AUD,1.4521,2019-12-19
USD,AUD,1.4495,2019-12-20
USD,AUD,1.4445,2019-12-23
USD,AUD,1.4448,2019-12-24
USD,AUD,1.4451,2019-12-25
USD,AUD,1.4398,2019-12-26
USD,AUD,1.4331,2019-12-27
USD,AUD,1.4297,2019-12-30
USD,AUD,1.4242,2019-12-31
USD,AUD,1.425,2020-01-01
USD,AUD,1.43,2020-01-02
USD,AUD,1.4395,2020-01-03
USD,AUD,1.4409,2020-01-06
USD,AUD,1.4558,2020-01-07
USD,AUD,1.4565,2020-01-08
USD,AUD,1.4581,2020-01-09
USD,AUD,1.4487,2020-01-10
USD,AUD,1.4485,2020-01-13
USD,AUD,1.449,2020-01-14
USD,AUD,1.4487,2020-01-15
USD,AUD,1.4495,2020-01-16
USD,AUD,1.455,2020-01-17
USD,AUD,1.455,2020-01-20
USD,AUD,1.4609,2020-01-21
USD,AUD,1.4609,2020-01-22
USD,AUD,1.4605,2020-01-23
USD,AUD,1.4644,2020-01-24
USD,AUD,1.4791,2020-01-27
USD,AUD,1.4788,2020-01-28
USD,AUD,1.4806,2020-01-29
USD,AUD,1.4878,2020-01-30
USD,AUD,1.4943,2020-01-31
USD,AUD,1.4943,2020-02-03
USD,AUD,1.4839,2020-02-04
USD,AUD,1.4824,2020-02-05
USD,AUD,1.4858,2020-02-06
USD,AUD,1.4987,2020-02-07
USD,AUD,1.4956,2020-02-10
USD,AUD,1.4894,2020-02-11
USD,AUD,1.4841,2020-02-12
USD,AUD,1.4883,2020-02-13
USD,AUD,1.4892,2020-02-14
USD,AUD,1.4894,2020-02-17
USD,AUD,1.4956,2020-02-18
USD,AUD,1.4979,2020-02-19
USD,AUD,1.5115,2020-02-20
USD,AUD,1.5088,2020-02-21
USD,AUD,1.514,2020-02-24
USD,AUD,1.5138,2020-02-25
USD,AUD,1.5282,2020-02-26
USD,AUD,1.5223,2020-02-27
USD,AUD,1.5361,2020-02-28
USD,AUD,1.5291,2020-03-02
USD,AUD,1.5191,2020-03-03
USD,AUD,1.509,2020-03-04
USD,AUD,1.5117,2020-03-05
USD,AUD,1.5033,2020-03-06
USD,AUD,1.5182,2020-03-09
USD,AUD,1.5371,2020-03-10
USD,AUD,1.5421,2020-03-11
USD,AUD,1.6034,2020-03-12
USD,AUD,1.6171,2020-03-13
USD,AUD,1.6346,2020-03-16
USD,AUD,1.6667,2020-03-17
USD,AUD,1.7325,2020-03-18
USD,AUD,1.7416,2020-03-19
USD,AUD,1.7244,2020-03-20
USD,AUD,1.7159,2020-03-23
USD,AUD,1.6784,2020-03-24
USD,AUD,1.6782,2020-03-25
USD,AUD,1.6488,2020-03-26
USD,AUD,1.6218,2020-03-27
USD,AUD,1.6208,2020-03-30
USD,AUD,1.6298,2020-03-31
USD,AUD,1.6472,2020-04-01
USD,AUD,1.6502,2020-04-02
USD,AUD,1.6678,2020-04-03
USD,AUD,1.6429,2020-04-06
USD,AUD,1.6209,2020-04-07
USD,AUD,1.6049,2020-04-08
USD,AUD,1.5774,2020-04-09
USD,AUD,1.5753,2020-04-10
USD,AUD,1.5669,2020-04-13
USD,AUD,1.5523,2020-04-14
USD,AUD,1.5826,2020-04-15
USD,AUD,1.5801,2020-04-16
USD,AUD,1.5716,2020-04-17
USD,AUD,1.5782,2020-04-20
USD,AUD,1.5921,2020-04-21
USD,AUD,1.5813,2020-04-22
USD,AUD,1.5699,2020-04-23
USD,AUD,1.5657,2020-04-24
USD,AUD,1.5468,2020-04-27
USD,AUD,1.5406,2020-04-28
USD,AUD,1.5254,2020-04-29
USD,AUD,1.5359,2020-04-30
USD,AUD,1.5579,2020-05-01
USD,AUD,1.556,2020-05-04
USD,AUD,1.5547,2020-05-05
USD,AUD,1.5623,2020-05-06
USD,AUD,1.5399,2020-05-07
USD,AUD,1.5314,2020-05-08
USD,AUD,1.541,2020-05-11
USD,AUD,1.5456,2020-05-12
USD,AUD,1.5492,2020-05-13
USD,AUD,1.5475,2020-05-14
USD,AUD,1.5589,2020-05-15
USD,AUD,1.5331,2020-05-18
USD,AUD,1.5298,2020-05-19
USD,AUD,1.5156,2020-05-20
USD,AUD,1.5233,2020-05-21
USD,AUD,1.53,2020-05-22
USD,AUD,1.5279,2020-05-25
USD,AUD,1.5033,2020-05-26
USD,AUD,1.5104,2020-05-27
USD,AUD,1.5067,2020-05-28
USD,AUD,1.5,2020-05-29
USD,AUD,1.471,2020-06-01
USD,AUD,1.4501,2020-06-02
USD,AUD,1.445,2020-06-03
USD,AUD,1.4403,2020-06-04
USD,AUD,1.4349,2020-06-05
USD,AUD,1.4245,2020-06-08
USD,AUD,1.4368,2020-06-09
USD,AUD,1.429,2020-06-10
USD,AUD,1.4588,2020-06-11
USD,AUD,1.4569,2020-06-12
USD,AUD,1.4453,2020-06-15
USD,AUD,1.451,2020-06-16
USD,AUD,1.4526,2020-06-17
USD,AUD,1.4594,2020-06-18
USD,AUD,1.4633,2020-06-19
USD,AUD,1.4478,2020-06-22
USD,AUD,1.443,2020-06-23
USD,AUD,1.4558,2020-06-24
USD,AUD,1.4522,2020-06-25
USD,AUD,1.4571,2020-06-26
USD,AUD,1.4567,2020-06-29
USD,AUD,1.4487,2020-06-30
USD,AUD,1.4461,2020-07-01
USD,AUD,1.4445,2020-07-02
USD,AUD,1.4405,2020-07-03
USD,AUD,1.4343,2020-07-06
USD,AUD,1.4395,2020-07-07
USD,AUD,1.4321,2020-07-08
USD,AUD,1.436,2020-07-09
USD,AUD,1.439,2020-07-10
USD,AUD,1.4407,2020-07-13
USD,AUD,1.4337,2020-07-14
USD,AUD,1.4269,2020-07-15
USD,AUD,1.4345,2020-07-16
USD,AUD,1.4291,2020-07-17
USD,AUD,1.4257,2020-07-20
USD,AUD,1.4032,2020-07-21
USD,AUD,1.4005,2020-07-22
USD,AUD,1.4088,2020-07-23
USD,AUD,1.4076,2020-07-24
USD,AUD,1.3986,2020-07-27
USD,AUD,1.397,2020-07-28
USD,AUD,1.3912,2020-07-29
USD,AUD,1.3901,2020-07-30
USD,AUD,1.4,2020-07-31
USD,AUD,1.4037,2020-08-03
USD,AUD,1.3965,2020-08-04
USD,AUD,1.3904,2020-08-05
USD,AUD,1.3821,2020-08-06
USD,AUD,1.397,2020-08-07
USD,AUD,1.3986,2020-08-10
USD,AUD,1.4,2020-08-11
USD,AUD,1.3961,2020-08-12
USD,AUD,1.3986,2020-08-13
USD,AUD,1.3943,2020-08-14
USD,AUD,1.386,2020-08-17
USD,AUD,1.3807,2020-08-18
USD,AUD,1.3923,2020-08-19
USD,AUD,1.3903,2020-08-20
USD,AUD,1.3963,2020-08-21
USD,AUD,1.3963,2020-08-24
USD,AUD,1.3899,2020-08-25
USD,AUD,1.3826,2020-08-26
USD,AUD,1.3775,2020-08-27
USD,AUD,1.3574,2020-08-28
USD,AUD,1.3558,2020-08-31
USD,AUD,1.3565,2020-09-01
USD,AUD,1.3627,2020-09-02
USD,AUD,1.375,2020-09-03
USD,AUD,1.3733,2020-09-04
USD,AUD,1.3742,2020-09-07
USD,AUD,1.3862,2020-09-08
USD,AUD,1.3731,2020-09-09
USD,AUD,1.3779,2020-09-10
USD,AUD,1.3729,2020-09-11
USD,AUD,1.3721,2020-09-14
USD,AUD,1.3695,2020-09-15
USD,AUD,1.3688,2020-09-16
USD,AUD,1.3674,2020-09-17
USD,AUD,1.3718,2020-09-18
USD,AUD,1.3843,2020-09-21
USD,AUD,1.3945,2020-09-22
USD,AUD,1.4131,2020-09-23
USD,AUD,1.4192,2020-09-24
USD,AUD,1.4229,2020-09-25
USD,AUD,1.4142,2020-09-28
USD,AUD,1.4029,2020-09-29
USD,AUD,1.3961,2020-09-30
USD,AUD,1.392,2020-10-01
USD,AUD,1.3959,2020-10-02
USD,AUD,1.3928,2020-10-05
USD,AUD,1.4074,2020-10-06
USD,AUD,1.4008,2020-10-07
USD,AUD,1.3953,2020-10-08
USD,AUD,1.3812,2020-10-09
USD,AUD,1.3872,2020-10-12
USD,AUD,1.3967,2020-10-13
USD,AUD,1.3961,2020-10-14
USD,AUD,1.4095,2020-10-15
USD,AUD,1.4122,2020-10-16
USD,AUD,1.4148,2020-10-19
USD,AUD,1.4188,2020-10-20
USD,AUD,1.4051,2020-10-21
USD,AUD,1.4049,2020-10-22
USD,AUD,1.401,2020-10-23
USD,AUD,1.4039,2020-10-26
USD,AUD,1.4027,2020-10-27
USD,AUD,1.4194,2020-10-28
USD,AUD,1.4227,2020-10-29
USD,AUD,1.4231,2020-10-30
USD,AUD,1.4174,2020-11-02
USD,AUD,1.3961,2020-11-03
USD,AUD,1.3933,2020-11-04
USD,AUD,1.3732,2020-11-05
USD,AUD,1.3778,2020-11-06
USD,AUD,1.3729,2020-11-09
USD,AUD,1.3727,2020-11-10
USD,AUD,1.3736,2020-11-11
USD,AUD,1.3828,2020-11-12
USD,AUD,1.3757,2020-11-13
USD,AUD,1.3663,2020-11-16
USD,AUD,1.3697,2020-11-17
USD,AUD,1.3688,2020-11-18
USD,AUD,1.372,2020-11-19
USD,AUD,1.3691,2020-11-20
USD,AUD,1.3725,2020-11-23
USD,AUD,1.3585,2020-11-24
USD,AUD,1.358,2020-11-25
USD,AUD,1.3582,2020-11-26
USD,AUD,1.3537,2020-11-27
USD,AUD,1.3613,2020-11-30
USD,AUD,1.3566,2020-12-01
USD,AUD,1.3484,2020-12-02
USD,AUD,1.3443,2020-12-03
USD,AUD,1.347,2020-12-04
USD,AUD,1.3475,2020-12-07
USD,AUD,1.3492,2020-12-08
USD,AUD,1.343,2020-12-09
USD,AUD,1.3273,2020-12-10
USD,AUD,1.3273,2020-12-11
USD,AUD,1.3266,2020-12-14
USD,AUD,1.323,2020-12-15
USD,AUD,1.3198,2020-12-16
USD,AUD,1.312,2020-12-17
USD,AUD,1.3115,2020-12-18
USD,AUD,1.3182,2020-12-21
USD,AUD,1.3295,2020-12-22
USD,AUD,1.3202,2020-12-23
USD,AUD,1.3172,2020-12-24
USD,AUD,1.3159,2020-12-25
USD,AUD,1.3195,2020-12-28
USD,AUD,1.3148,2020-12-29
USD,AUD,1.3012,2020-12-30
USD,AUD,1.2996,2020-12-31
USD,AUD,1.2979,2021-01-01
USD,AUD,1.3048,2021-01-04
USD,AUD,1.2888,2021-01-05
USD,AUD,1.2818,2021-01-06
USD,AUD,1.2872,2021-01-07
USD,AUD,1.2887,2021-01-08
USD,AUD,1.2987,2021-01-11
USD,AUD,1.2867,2021-01-12
USD,AUD,1.2931,2021-01-13
USD,AUD,1.2857,2021-01-14
USD,AUD,1.2982,2021-01-15
USD,AUD,1.3019,2021-01-18
USD,AUD,1.2994,2021-01-19
USD,AUD,1.2909,2021-01-20
USD,AUD,1.288,2021-01-21
USD,AUD,1.2959,2021-01-22
USD,AUD,1.2973,2021-01-25
USD,AUD,1.2914,2021-01-26
USD,AUD,1.305,2021-01-27
USD,AUD,1.302,2021-01-28
USD,AUD,1.3084,2021-01-29
USD,AUD,1.3123,2021-02-01
USD,AUD,1.3146,2021-02-02
USD,AUD,1.3127,2021-02-03
USD,AUD,1.3158,2021-02-04
USD,AUD,1.3025,2021-02-05
USD,AUD,1.2986,2021-02-08
USD,AUD,1.2922,2021-02-09
USD,AUD,1.295,2021-02-10
USD,AUD,1.29,2021-02-11
USD,AUD,1.2893,2021-02-12
USD,AUD,1.2853,2021-02-15
USD,AUD,1.289,2021-02-16
USD,AUD,1.2901,2021-02-17
USD,AUD,1.2874,2021-02-18
USD,AUD,1.2707,2021-02-19
USD,AUD,1.263,2021-02-22
USD,AUD,1.2641,2021-02-23
USD,AUD,1.255,2021-02-24
USD,AUD,1.2702,2021-02-25
USD,AUD,1.2977,2021-02-26
USD,AUD,1.2867,2021-03-01
USD,AUD,1.2789,2021-03-02
USD,AUD,1.286,2021-03-03
USD,AUD,1.2944,2021-03-04
USD,AUD,1.3009,2021-03-05
USD,AUD,1.3072,2021-03-08
USD,AUD,1.2968,2021-03-09
USD,AUD,1.2929,2021-03-10
USD,AUD,1.2838,2021-03-11
USD,AUD,1.2877,2021-03-12
USD,AUD,1.2895,2021-03-15
USD,AUD,1.291,2021-03-16
USD,AUD,1.2826,2021-03-17
USD,AUD,1.2888,2021-03-18
USD,AUD,1.2915,2021-03-19
USD,AUD,1.291,2021-03-22
USD,AUD,1.3117,2021-03-23
USD,AUD,1.3188,2021-03-24
USD,AUD,1.3194,2021-03-25
USD,AUD,1.3096,2021-03-26
USD,AUD,1.3105,2021-03-29
USD,AUD,1.3164,2021-03-30
USD,AUD,1.3162,2021-03-31
USD,AUD,1.3127,2021-04-01
USD,AUD,1.3147,2021-04-02
USD,AUD,1.3072,2021-04-05
USD,AUD,1.305,2021-04-06
USD,AUD,1.3132,2021-04-07
USD,AUD,1.3067,2021-04-08
USD,AUD,1.312,2021-04-09
USD,AUD,1.3118,2021-04-12
USD,AUD,1.3089,2021-04-13
USD,AUD,1.2948,2021-04-14
USD,AUD,1.2901,2021-04-15
USD,AUD,1.293,2021-04-16
USD,AUD,1.289,2021-04-19
USD,AUD,1.2945,2021-04-20
USD,AUD,1.2899,2021-04-21
USD,AUD,1.2974,2021-04-22
USD,AUD,1.291,2021-04-23
USD,AUD,1.2821,2021-04-26
USD,AUD,1.2876,2021-04-27
USD,AUD,1.2835,2021-04-28
USD,AUD,1.2879,2021-04-29
USD,AUD,1.2959,2021-04-30
USD,AUD,1.2884,2021-05-03
USD,AUD,1.2977,2021-05-04
USD,AUD,1.2907,2021-05-05
USD,AUD,1.2854,2021-05-06
USD,AUD,1.2749,2021-05-07
USD,AUD,1.277,2021-05-10
USD,AUD,1.2752,2021-05-11
USD,AUD,1.2944,2021-05-12
USD,AUD,1.2937,2021-05-13
USD,AUD,1.2864,2021-05-14
USD,AUD,1.2877,2021-05-17
USD,AUD,1.2832,2021-05-18
USD,AUD,1.294,2021-05-19
USD,AUD,1.286,2021-05-20
USD,AUD,1.2932,2021-05-21
USD,AUD,1.2899,2021-05-24
USD,AUD,1.2902,2021-05-25
USD,AUD,1.292,2021-05-26
USD,AUD,1.2909,2021-05-27
USD,AUD,1.2964,2021-05-28
USD,AUD,1.2932,2021-05-31
USD,AUD,1.2895,2021-06-01
USD,AUD,1.2899,2021-06-02
USD,AUD,1.3057,2021-06-03
USD,AUD,1.2924,2021-06-04
USD,AUD,1.2897,2021-06-07
USD,AUD,1.2918,2021-06-08
USD,AUD,1.2937,2021-06-09
USD,AUD,1.2899,2021-06-10
USD,AUD,1.2976,2021-06-11
USD,AUD,1.2967,2021-06-14
USD,AUD,1.3007,2021-06-15
USD,AUD,1.3139,2021-06-16
USD,AUD,1.3244,2021-06-17
USD,AUD,1.3373,2021-06-18
USD,AUD,1.327,2021-06-21
USD,AUD,1.3238,2021-06-22
USD,AUD,1.32,2021-06-23
USD,AUD,1.3188,2021-06-24
USD,AUD,1.3181,2021-06-25
USD,AUD,1.3214,2021-06-28
USD,AUD,1.3312,2021-06-29
USD,AUD,1.3335,2021-06-30
USD,AUD,1.3385,2021-07-01
USD,AUD,1.3286,2021-07-02
USD,AUD,1.328,2021-07-05
USD,AUD,1.3339,2021-07-06
USD,AUD,1.3366,2021-07-07
USD,AUD,1.3461,2021-07-08
USD,AUD,1.3358,2021-07-09
USD,AUD,1.3376,2021-07-12
USD,AUD,1.3425,2021-07-13
USD,AUD,1.3367,2021-07-14
USD,AUD,1.3463,2021-07-15
USD,AUD,1.3508,2021-07-16
USD,AUD,1.3616,2021-07-19
USD,AUD,1.364,2021-07-20
USD,AUD,1.3589,2021-07-21
USD,AUD,1.3552,2021-07-22
USD,AUD,1.3574,2021-07-23
USD,AUD,1.3548,2021-07-26
USD,AUD,1.3584,2021-07-27
USD,AUD,1.3556,2021-07-28
USD,AUD,1.3521,2021-07-29
USD,AUD,1.3615,2021-07-30
USD,AUD,1.3585,2021-08-02
USD,AUD,1.3519,2021-08-03
USD,AUD,1.355,2021-08-04
USD,AUD,1.3505,2021-08-05
USD,AUD,1.3596,2021-08-06
USD,AUD,1.3635,2021-08-09
USD,AUD,1.3604,2021-08-10
USD,AUD,1.3563,2021-08-11
USD,AUD,1.3633,2021-08-12
USD,AUD,1.3569,2021-08-13
USD,AUD,1.3628,2021-08-16
USD,AUD,1.3789,2021-08-17
USD,AUD,1.3828,2021-08-18
USD,AUD,1.3992,2021-08-19
USD,AUD,1.4016,2021-08-20
USD,AUD,1.3872,2021-08-23
USD,AUD,1.3778,2021-08-24
USD,AUD,1.3744,2021-08-25
USD,AUD,1.3818,2021-08-26
USD,AUD,1.3676,2021-08-27
USD,AUD,1.3706,2021-08-30
USD,AUD,1.3669,2021-08-31
USD,AUD,1.3575,2021-09-01
USD,AUD,1.3514,2021-09-02
USD,AUD,1.3407,2021-09-03
USD,AUD,1.3441,2021-09-06
USD,AUD,1.3538,2021-09-07
USD,AUD,1.3578,2021-09-08
USD,AUD,1.3574,2021-09-09
USD,AUD,1.3594,2021-09-10
USD,AUD,1.3574,2021-09-13
USD,AUD,1.3663,2021-09-14
USD,AUD,1.3633,2021-09-15
USD,AUD,1.3718,2021-09-16
USD,AUD,1.3763,2021-09-17
USD,AUD,1.3789,2021-09-20
USD,AUD,1.3828,2021-09-21
USD,AUD,1.3801,2021-09-22
USD,AUD,1.3706,2021-09-23
USD,AUD,1.3773,2021-09-24
USD,AUD,1.3725,2021-09-27
USD,AUD,1.3818,2021-09-28
USD,AUD,1.3933,2021-09-29
USD,AUD,1.3837,2021-09-30
USD,AUD,1.378,2021-10-01
USD,AUD,1.3733,2021-10-04
USD,AUD,1.3714,2021-10-05
USD,AUD,1.3749,2021-10-06
USD,AUD,1.3674,2021-10-07
USD,AUD,1.3682,2021-10-08
USD,AUD,1.3602,2021-10-11
USD,AUD,1.3606,2021-10-12
USD,AUD,1.3552,2021-10-13
USD,AUD,1.3485,2021-10-14
USD,AUD,1.3468,2021-10-15
USD,AUD,1.3494,2021-10-18
USD,AUD,1.3385,2021-10-19
USD,AUD,1.3305,2021-10-20
USD,AUD,1.3392,2021-10-21
USD,AUD,1.3396,2021-10-22
USD,AUD,1.3348,2021-10-25
USD,AUD,1.3334,2021-10-26
USD,AUD,1.3303,2021-10-27
USD,AUD,1.3254,2021-10-28
USD,AUD,1.3295,2021-10-29
USD,AUD,1.3289,2021-11-01
USD,AUD,1.3461,2021-11-02
USD,AUD,1.343,2021-11-03
USD,AUD,1.3515,2021-11-04
USD,AUD,1.351,2021-11-05
USD,AUD,1.3474,2021-11-08
USD,AUD,1.3555,2021-11-09
USD,AUD,1.3648,2021-11-10
USD,AUD,1.3708,2021-11-11
USD,AUD,1.3637,2021-11-12
USD,AUD,1.3611,2021-11-15
USD,AUD,1.3692,2021-11-16
USD,AUD,1.3761,2021-11-17
USD,AUD,1.3742,2021-11-18
USD,AUD,1.3822,2021-11-19
USD,AUD,1.3843,2021-11-22
USD,AUD,1.3835,2021-11-23
USD,AUD,1.3896,2021-11-24
USD,AUD,1.3906,2021-11-25
USD,AUD,1.4035,2021-11-26
USD,AUD,1.4,2021-11-29
USD,AUD,1.4034,2021-11-30
USD,AUD,1.4073,2021-12-01
USD,AUD,1.4096,2021-12-02
USD,AUD,1.4282,2021-12-03
USD,AUD,1.4184,2021-12-06
USD,AUD,1.4047,2021-12-07
USD,AUD,1.3943,2021-12-08
USD,AUD,1.3986,2021-12-09
USD,AUD,1.3943,2021-12-10
USD,AUD,1.4025,2021-12-13
USD,AUD,1.4079,2021-12-14
USD,AUD,1.3951,2021-12-15
USD,AUD,1.392,2021-12-16
USD,AUD,1.4035,2021-12-17
USD,AUD,1.4061,2021-12-20
USD,AUD,1.3976,2021-12-21
USD,AUD,1.3862,2021-12-22
USD,AUD,1.3807,2021-12-23
USD,AUD,1.3841,2021-12-24
USD,AUD,1.3814,2021-12-27
USD,AUD,1.3833,2021-12-28
USD,AUD,1.3787,2021-12-29
USD,AUD,1.3791,2021-12-30
USD,AUD,1.3772,2021-12-31
USD,AUD,1.3904,2022-01-03
USD,AUD,1.3814,2022-01-04
USD,AUD,1.385,2022-01-05
USD,AUD,1.3962,2022-01-06
USD,AUD,1.393,2022-01-07
USD,AUD,1.3946,2022-01-10
USD,AUD,1.387,2022-01-11
USD,AUD,1.3727,2022-01-12
USD,AUD,1.3729,2022-01-13
USD,AUD,1.3875,2022-01-14
USD,AUD,1.3868,2022-01-17
USD,AUD,1.3919,2022-01-18
USD,AUD,1.3868,2022-01-19
USD,AUD,1.3839,2022-01-20
USD,AUD,1.392,2022-01-21
USD,AUD,1.4004,2022-01-24
USD,AUD,1.3984,2022-01-25
USD,AUD,1.4055,2022-01-26
USD,AUD,1.4218,2022-01-27
USD,AUD,1.4312,2022-01-28
USD,AUD,1.4151,2022-01-31
USD,AUD,1.403,2022-02-01
USD,AUD,1.4012,2022-02-02
USD,AUD,1.4004,2022-02-03
USD,AUD,1.413,2022-02-04
USD,AUD,1.4033,2022-02-07
USD,AUD,1.3994,2022-02-08
USD,AUD,1.393,2022-02-09
USD,AUD,1.3956,2022-02-10
USD,AUD,1.4013,2022-02-11
USD,AUD,1.4033,2022-02-14
USD,AUD,1.3983,2022-02-15
USD,AUD,1.39,2022-02-16
USD,AUD,1.3917,2022-02-17
USD,AUD,1.3939,2022-02-18
USD,AUD,1.3907,2022-02-21
USD,AUD,1.3851,2022-02-22
USD,AUD,1.3824,2022-02-23
USD,AUD,1.3961,2022-02-24
USD,AUD,1.3824,2022-02-25
USD,AUD,1.3769,2022-02-28
USD,AUD,1.379,2022-03-01
USD,AUD,1.3704,2022-03-02
USD,AUD,1.3644,2022-03-03
USD,AUD,1.3567,2022-03-04
USD,AUD,1.3665,2022-03-07
USD,AUD,1.3759,2022-03-08
USD,AUD,1.3656,2022-03-09
USD,AUD,1.3591,2022-03-10
USD,AUD,1.3716,2022-03-11
USD,AUD,1.3912,2022-03-14
USD,AUD,1.3896,2022-03-15
USD,AUD,1.3718,2022-03-16
USD,AUD,1.3558,2022-03-17
USD,AUD,1.3488,2022-03-18
USD,AUD,1.3512,2022-03-21
USD,AUD,1.3391,2022-03-22
USD,AUD,1.3335,2022-03-23
USD,AUD,1.331,2022-03-24
USD,AUD,1.331,2022-03-25
USD,AUD,1.3353,2022-03-28
USD,AUD,1.331,2022-03-29
USD,AUD,1.3316,2022-03-30
USD,AUD,1.3367,2022-03-31
USD,AUD,1.3334,2022-04-01
USD,AUD,1.3258,2022-04-04
USD,AUD,1.3194,2022-04-05
USD,AUD,1.3309,2022-04-06
USD,AUD,1.3369,2022-04-07
USD,AUD,1.3412,2022-04-08
USD,AUD,1.3483,2022-04-11
USD,AUD,1.3405,2022-04-12
USD,AUD,1.3422,2022-04-13
USD,AUD,1.348,2022-04-14
USD,AUD,1.3517,2022-04-15
USD,AUD,1.3609,2022-04-18
USD,AUD,1.3567,2022-04-19
USD,AUD,1.3426,2022-04-20
USD,AUD,1.3562,2022-04-21
USD,AUD,1.3814,2022-04-22
USD,AUD,1.3932,2022-04-25
USD,AUD,1.4039,2022-04-26
USD,AUD,1.4031,2022-04-27
USD,AUD,1.4094,2022-04-28
USD,AUD,1.4156,2022-04-29
USD,AUD,1.4187,2022-05-02
USD,AUD,1.4094,2022-05-03
USD,AUD,1.3769,2022-05-04
USD,AUD,1.4061,2022-05-05
USD,AUD,1.4128,2022-05-06
USD,AUD,1.4376,2022-05-09
USD,AUD,1.4415,2022-05-10
USD,AUD,1.4413,2022-05-11
USD,AUD,1.4584,2022-05-12
USD,AUD,1.4409,2022-05-13
USD,AUD,1.4345,2022-05-16
USD,AUD,1.4225,2022-05-17
USD,AUD,1.4376,2022-05-18
USD,AUD,1.4184,2022-05-19
USD,AUD,1.4217,2022-05-20
USD,AUD,1.4073,2022-05-23
USD,AUD,1.4077,2022-05-24
USD,AUD,1.4096,2022-05-25
USD,AUD,1.4087,2022-05-26
USD,AUD,1.3965,2022-05-27
USD,AUD,1.3893,2022-05-30
USD,AUD,1.3937,2022-05-31
USD,AUD,1.3937,2022-06-01
USD,AUD,1.3763,2022-06-02
USD,AUD,1.3875,2022-06-03
USD,AUD,1.3903,2022-06-06
USD,AUD,1.3833,2022-06-07
USD,AUD,1.3902,2022-06-08
USD,AUD,1.4088,2022-06-09
USD,AUD,1.418,2022-06-10
USD,AUD,1.4446,2022-06-13
USD,AUD,1.4556,2022-06-14
USD,AUD,1.428,2022-06-15
USD,AUD,1.419,2022-06-16
USD,AUD,1.4418,2022-06-17
USD,AUD,1.4388,2022-06-20
USD,AUD,1.4349,2022-06-21
USD,AUD,1.4436,2022-06-22
USD,AUD,1.4514,2022-06-23
USD,AUD,1.4391,2022-06-24
USD,AUD,1.4442,2022-06-27
USD,AUD,1.4477,2022-06-28
USD,AUD,1.4531,2022-06-29
USD,AUD,1.4488,2022-06-30
USD,AUD,1.4674,2022-07-01
USD,AUD,1.4567,2022-07-04
USD,AUD,1.4699,2022-07-05
USD,AUD,1.4758,2022-07-06
USD,AUD,1.4624,2022-07-07
USD,AUD,1.4582,2022-07-08
USD,AUD,1.4853,2022-07-11
USD,AUD,1.4797,2022-07-12
USD,AUD,1.4789,2022-07-13
USD,AUD,1.4819,2022-07-14
USD,AUD,1.4719,2022-07-15
USD,AUD,1.4678,2022-07-18
USD,AUD,1.4495,2022-07-19
USD,AUD,1.4518,2022-07-20
USD,AUD,1.443,2022-07-21
USD,AUD,1.4438,2022-07-22
USD,AUD,1.438,2022-07-25
USD,AUD,1.4411,2022-07-26
USD,AUD,1.4301,2022-07-27
USD,AUD,1.4318,2022-07-28
USD,AUD,1.4314,2022-07-29
USD,AUD,1.4237,2022-08-01
USD,AUD,1.4451,2022-08-02
USD,AUD,1.4395,2022-08-03
USD,AUD,1.4347,2022-08-04
USD,AUD,1.4472,2022-08-05
USD,AUD,1.4308,2022-08-08
USD,AUD,1.4358,2022-08-09
USD,AUD,1.4126,2022-08-10
USD,AUD,1.4074,2022-08-11
USD,AUD,1.4041,2022-08-12
USD,AUD,1.4239,2022-08-15
USD,AUD,1.4238,2022-08-16
USD,AUD,1.4424,2022-08-17
USD,AUD,1.4453,2022-08-18
USD,AUD,1.4548,2022-08-19
USD,AUD,1.4543,2022-08-22
USD,AUD,1.4428,2022-08-23
USD,AUD,1.4474,2022-08-24
USD,AUD,1.4326,2022-08-25
USD,AUD,1.4512,2022-08-26
USD,AUD,1.4484,2022-08-29
USD,AUD,1.4594,2022-08-30
USD,AUD,1.462,2022-08-31
USD,AUD,1.4733,2022-09-01
USD,AUD,1.4683,2022-09-02
USD,AUD,1.4715,2022-09-05
USD,AUD,1.4846,2022-09-06
USD,AUD,1.4773,2022-09-07
USD,AUD,1.4813,2022-09-08
USD,AUD,1.4616,2022-09-09
USD,AUD,1.4517,2022-09-12
USD,AUD,1.4858,2022-09-13
USD,AUD,1.4817,2022-09-14
USD,AUD,1.4919,2022-09-15
USD,AUD,1.4879,2022-09-16
USD,AUD,1.4867,2022-09-19
USD,AUD,1.495,2022-09-20
USD,AUD,1.5079,2022-09-21
USD,AUD,1.5048,2022-09-22
USD,AUD,1.5319,2022-09-23
USD,AUD,1.5488,2022-09-26
USD,AUD,1.5539,2022-09-27
USD,AUD,1.5331,2022-09-28
USD,AUD,1.5385,2022-09-29
USD,AUD,1.5615,2022-09-30
USD,AUD,1.5348,2022-10-03
USD,AUD,1.5379,2022-10-04
USD,AUD,1.5416,2022-10-05
USD,AUD,1.5606,2022-10-06
USD,AUD,1.5702,2022-10-07
USD,AUD,1.5863,2022-10-10
USD,AUD,1.5947,2022-10-11
USD,AUD,1.5932,2022-10-12
USD,AUD,1.5876,2022-10-13
USD,AUD,1.6137,2022-10-14
USD,AUD,1.5895,2022-10-17
USD,AUD,1.5846,2022-10-18
USD,AUD,1.5947,2022-10-19
USD,AUD,1.5924,2022-10-20
USD,AUD,1.5679,2022-10-21
USD,AUD,1.5841,2022-10-24
USD,AUD,1.5638,2022-10-25
USD,AUD,1.539,2022-10-26
USD,AUD,1.5504,2022-10-27
USD,AUD,1.5596,2022-10-28
USD,AUD,1.5629,2022-10-31
USD,AUD,1.5635,2022-11-01
USD,AUD,1.5745,2022-11-02
USD,AUD,1.5904,2022-11-03
USD,AUD,1.5464,2022-11-04
USD,AUD,1.5435,2022-11-07
USD,AUD,1.5376,2022-11-08
USD,AUD,1.555,2022-11-09
USD,AUD,1.5111,2022-11-10
USD,AUD,1.4919,2022-11-11
USD,AUD,1.4932,2022-11-14
USD,AUD,1.48,2022-11-15
USD,AUD,1.4835,2022-11-16
USD,AUD,1.4966,2022-11-17
USD,AUD,1.4988,2022-11-18
USD,AUD,1.5138,2022-11-21
USD,AUD,1.504,2022-11-22
USD,AUD,1.4855,2022-11-23
USD,AUD,1.4784,2022-11-24
USD,AUD,1.4813,2022-11-25
USD,AUD,1.5037,2022-11-28
USD,AUD,1.4953,2022-11-29
USD,AUD,1.4734,2022-11-30
USD,AUD,1.468,2022-12-01
USD,AUD,1.4728,2022-12-02
USD,AUD,1.4931,2022-12-05
USD,AUD,1.4941,2022-12-06
USD,AUD,1.4872,2022-12-07
USD,AUD,1.4773,2022-12-08
USD,AUD,1.4715,2022-12-09
USD,AUD,1.4824,2022-12-12
USD,AUD,1.459,2022-12-13
USD,AUD,1.4569,2022-12-14
USD,AUD,1.4921,2022-12-15
USD,AUD,1.4959,2022-12-16
USD,AUD,1.4926,2022-12-19
USD,AUD,1.4975,2022-12-20
USD,AUD,1.491,2022-12-21
USD,AUD,1.5,2022-12-22
USD,AUD,1.4886,2022-12-23
USD,AUD,1.4866,2022-12-26
USD,AUD,1.4856,2022-12-27
USD,AUD,1.4841,2022-12-28
USD,AUD,1.4752,2022-12-29
USD,AUD,1.4676,2022-12-30
USD,AUD,1.47,2023-01-02
USD,AUD,1.4863,2023-01-03
USD,AUD,1.4625,2023-01-04
USD,AUD,1.4812,2023-01-05
USD,AUD,1.4543,2023-01-06
USD,AUD,1.4468,2023-01-09
USD,AUD,1.4518,2023-01-10
USD,AUD,1.4491,2023-01-11
USD,AUD,1.4351,2023-01-12
USD,AUD,1.4333,2023-01-13
USD,AUD,1.438,2023-01-16
USD,AUD,1.431,2023-01-17
USD,AUD,1.4405,2023-01-18
USD,AUD,1.4472,2023-01-19
USD,AUD,1.4353,2023-01-20
USD,AUD,1.4229,2023-01-23
USD,AUD,1.419,2023-01-24
USD,AUD,1.4077,2023-01-25
USD,AUD,1.4055,2023-01-26
USD,AUD,1.4077,2023-01-27
USD,AUD,1.4164,2023-01-30
USD,AUD,1.4173,2023-01-31
USD,AUD,1.4013,2023-02-01
USD,AUD,1.413,2023-02-02
USD,AUD,1.4447,2023-02-03
USD,AUD,1.4531,2023-02-06
USD,AUD,1.437,2023-02-07
USD,AUD,1.4442,2023-02-08
USD,AUD,1.4418,2023-02-09
USD,AUD,1.4455,2023-02-10
USD,AUD,1.4356,2023-02-13
USD,AUD,1.4314,2023-02-14
USD,AUD,1.4485,2023-02-15
USD,AUD,1.4538,2023-02-16
USD,AUD,1.4535,2023-02-17
USD,AUD,1.4478,2023-02-20
USD,AUD,1.459,2023-02-21
USD,AUD,1.4697,2023-02-22
USD,AUD,1.4689,2023-02-23
USD,AUD,1.4868,2023-02-24
USD,AUD,1.4848,2023-02-27
USD,AUD,1.4861,2023-02-28
USD,AUD,1.4791,2023-03-01
USD,AUD,1.4859,2023-03-02
USD,AUD,1.4773,2023-03-03
USD,AUD,1.4863,2023-03-06
USD,AUD,1.5191,2023-03-07
USD,AUD,1.5181,2023-03-08
USD,AUD,1.5175,2023-03-09
USD,AUD,1.5203,2023-03-10
USD,AUD,1.5002,2023-03-13
USD,AUD,1.4968,2023-03-14
USD,AUD,1.5115,2023-03-15
USD,AUD,1.5023,2023-03-16
USD,AUD,1.4935,2023-03-17
USD,AUD,1.4883,2023-03-20
USD,AUD,1.4996,2023-03-21
USD,AUD,1.4961,2023-03-22
USD,AUD,1.4961,2023-03-23
USD,AUD,1.5047,2023-03-24
USD,AUD,1.5038,2023-03-27
USD,AUD,1.4904,2023-03-28
USD,AUD,1.4961,2023-03-29
USD,AUD,1.4903,2023-03-30
USD,AUD,1.4957,2023-03-31
USD,AUD,1.4736,2023-04-03
USD,AUD,1.481,2023-04-04
USD,AUD,1.488,2023-04-05
USD,AUD,1.4988,2023-04-06
USD,AUD,1.4995,2023-04-07
USD,AUD,1.5063,2023-04-10
USD,AUD,1.5029,2023-04-11
USD,AUD,1.495,2023-04-12
USD,AUD,1.4747,2023-04-13
USD,AUD,1.4906,2023-04-14
USD,AUD,1.4924,2023-04-17
USD,AUD,1.4875,2023-04-18
USD,AUD,1.4897,2023-04-19
USD,AUD,1.4835,2023-04-20
USD,AUD,1.4946,2023-04-21
USD,AUD,1.4932,2023-04-24
USD,AUD,1.5092,2023-04-25
USD,AUD,1.5154,2023-04-26
USD,AUD,1.5081,2023-04-27
USD,AUD,1.5115,2023-04-28
USD,AUD,1.5082,2023-05-01
USD,AUD,1.5004,2023-05-02
USD,AUD,1.4993,2023-05-03
USD,AUD,1.494,2023-05-04
USD,AUD,1.4811,2023-05-05
USD,AUD,1.4743,2023-05-08
USD,AUD,1.4791,2023-05-09
USD,AUD,1.4752,2023-05-10
USD,AUD,1.4921,2023-05-11
USD,AUD,1.5045,2023-05-12
USD,AUD,1.4925,2023-05-15
USD,AUD,1.5024,2023-05-16
USD,AUD,1.5015,2023-05-17
USD,AUD,1.5111,2023-05-18
USD,AUD,1.5036,2023-05-19
USD,AUD,1.5029,2023-05-22
USD,AUD,1.5129,2023-05-23
USD,AUD,1.5282,2023-05-24
USD,AUD,1.5373,2023-05-25
USD,AUD,1.5343,2023-05-26
USD,AUD,1.5296,2023-05-29
USD,AUD,1.5343,2023-05-30
USD,AUD,1.5378,2023-05-31
USD,AUD,1.5218,2023-06-01
USD,AUD,1.5124,2023-06-02
USD,AUD,1.5112,2023-06-05
USD,AUD,1.4991,2023-06-06
USD,AUD,1.5034,2023-06-07
USD,AUD,1.489,2023-06-08
USD,AUD,1.4837,2023-06-09
USD,AUD,1.4814,2023-06-12
USD,AUD,1.4779,2023-06-13
USD,AUD,1.4716,2023-06-14
USD,AUD,1.4522,2023-06-15
USD,AUD,1.455,2023-06-16
USD,AUD,1.4599,2023-06-19
USD,AUD,1.4741,2023-06-20
USD,AUD,1.4714,2023-06-21
USD,AUD,1.4801,2023-06-22
USD,AUD,1.4975,2023-06-23
USD,AUD,1.4991,2023-06-26
USD,AUD,1.4959,2023-06-27
USD,AUD,1.5154,2023-06-28
USD,AUD,1.5114,2023-06-29
USD,AUD,1.5,2023-06-30
USD,AUD,1.4991,2023-07-03
USD,AUD,1.4943,2023-07-04
USD,AUD,1.5028,2023-07-05
USD,AUD,1.5092,2023-07-06
USD,AUD,1.4948,2023-07-07
USD,AUD,1.498,2023-07-10
USD,AUD,1.4955,2023-07-11
USD,AUD,1.4731,2023-07-12
USD,AUD,1.4516,2023-07-13
USD,AUD,1.4622,2023-07-14
USD,AUD,1.4672,2023-07-17
USD,AUD,1.4674,2023-07-18
USD,AUD,1.476,2023-07-19
USD,AUD,1.475,2023-07-20
USD,AUD,1.4863,2023-07-21
USD,AUD,1.4837,2023-07-24
USD,AUD,1.4724,2023-07-25
USD,AUD,1.4798,2023-07-26
USD,AUD,1.4905,2023-07-27
USD,AUD,1.5038,2023-07-28
USD,AUD,1.4887,2023-07-31
USD,AUD,1.5121,2023-08-01
USD,AUD,1.5295,2023-08-02
USD,AUD,1.5261,2023-08-03
USD,AUD,1.522,2023-08-04
USD,AUD,1.5214,2023-08-07
USD,AUD,1.5282,2023-08-08
USD,AUD,1.532,2023-08-09
USD,AUD,1.5348,2023-08-10
USD,AUD,1.5387,2023-08-11
USD,AUD,1.5416,2023-08-14
USD,AUD,1.5492,2023-08-15
USD,AUD,1.5565,2023-08-16
USD,AUD,1.5616,2023-08-17
USD,AUD,1.5616,2023-08-18
USD,AUD,1.5594,2023-08-21
USD,AUD,1.5572,2023-08-22
USD,AUD,1.544,2023-08-23
USD,AUD,1.5582,2023-08-24
USD,AUD,1.5623,2023-08-25
USD,AUD,1.5554,2023-08-28
USD,AUD,1.5431,2023-08-29
USD,AUD,1.544,2023-08-30
USD,AUD,1.5423,2023-08-31
USD,AUD,1.5499,2023-09-01
USD,AUD,1.5483,2023-09-04
USD,AUD,1.5672,2023-09-05
USD,AUD,1.5666,2023-09-06
USD,AUD,1.5682,2023-09-07
USD,AUD,1.5683,2023-09-08
USD,AUD,1.5548,2023-09-11
USD,AUD,1.5567,2023-09-12
USD,AUD,1.5572,2023-09-13
USD,AUD,1.5527,2023-09-14
USD,AUD,1.5545,2023-09-15
USD,AUD,1.5536,2023-09-18
USD,AUD,1.5492,2023-09-19
USD,AUD,1.5514,2023-09-20
USD,AUD,1.5582,2023-09-21
USD,AUD,1.5524,2023-09-22
USD,AUD,1.5567,2023-09-25
USD,AUD,1.5634,2023-09-26
USD,AUD,1.5741,2023-09-27
USD,AUD,1.5564,2023-09-28
USD,AUD,1.554,2023-09-29
USD,AUD,1.5716,2023-10-02
USD,AUD,1.5868,2023-10-03
USD,AUD,1.5813,2023-10-04
USD,AUD,1.5699,2023-10-05
USD,AUD,1.5665,2023-10-06
USD,AUD,1.56,2023-10-09
USD,AUD,1.5549,2023-10-10
USD,AUD,1.5592,2023-10-11
USD,AUD,1.5837,2023-10-12
USD,AUD,1.5894,2023-10-13
USD,AUD,1.5766,2023-10-16
USD,AUD,1.5714,2023-10-17
USD,AUD,1.5782,2023-10-18
USD,AUD,1.5801,2023-10-19
USD,AUD,1.5836,2023-10-20
USD,AUD,1.578,2023-10-23
USD,AUD,1.5735,2023-10-24
USD,AUD,1.5852,2023-10-25
USD,AUD,1.5819,2023-10-26
USD,AUD,1.5787,2023-10-27
USD,AUD,1.5687,2023-10-30
USD,AUD,1.5781,2023-10-31
USD,AUD,1.5643,2023-11-01
USD,AUD,1.5541,2023-11-02
USD,AUD,1.5355,2023-11-03
USD,AUD,1.5411,2023-11-06
USD,AUD,1.5534,2023-11-07
USD,AUD,1.5621,2023-11-08
USD,AUD,1.5709,2023-11-09
USD,AUD,1.5711,2023-11-10
USD,AUD,1.5682,2023-11-13
USD,AUD,1.5368,2023-11-14
USD,AUD,1.5365,2023-11-15
USD,AUD,1.5454,2023-11-16
USD,AUD,1.5364,2023-11-17
USD,AUD,1.5252,2023-11-20
USD,AUD,1.5256,2023-11-21
USD,AUD,1.5286,2023-11-22
USD,AUD,1.5249,2023-11-23
USD,AUD,1.5192,2023-11-24
USD,AUD,1.5136,2023-11-27
USD,AUD,1.504,2023-11-28
USD,AUD,1.5111,2023-11-29
USD,AUD,1.514,2023-11-30
USD,AUD,1.4982,2023-12-01
USD,AUD,1.5107,2023-12-04
USD,AUD,1.5262,2023-12-05
USD,AUD,1.5271,2023-12-06
USD,AUD,1.5146,2023-12-07
USD,AUD,1.5205,2023-12-08
USD,AUD,1.5227,2023-12-11
USD,AUD,1.5245,2023-12-12
USD,AUD,1.5013,2023-12-13
USD,AUD,1.4927,2023-12-14
USD,AUD,1.4932,2023-12-15
USD,AUD,1.4911,2023-12-18
USD,AUD,1.4789,2023-12-19
USD,AUD,1.4858,2023-12-20
USD,AUD,1.4702,2023-12-21
USD,AUD,1.4706,2023-12-22
USD,AUD,1.4713,2023-12-25
USD,AUD,1.4653,2023-12-26
USD,AUD,1.4605,2023-12-27
USD,AUD,1.4641,2023-12-28
USD,AUD,1.4682,2023-12-29
USD,AUD,1.468,2024-01-01
USD,AUD,1.479,2024-01-02
USD,AUD,1.4855,2024-01-03
USD,AUD,1.491,2024-01-04
USD,AUD,1.4894,2024-01-05
USD,AUD,1.4881,2024-01-08
USD,AUD,1.4952,2024-01-09
USD,AUD,1.4926,2024-01-10
USD,AUD,1.4952,2024-01-11
USD,AUD,1.4957,2024-01-12
USD,AUD,1.5013,2024-01-15
USD,AUD,1.5188,2024-01-16
USD,AUD,1.5262,2024-01-17
USD,AUD,1.5216,2024-01-18
USD,AUD,1.5156,2024-01-19
USD,AUD,1.522,2024-01-22
USD,AUD,1.5196,2024-01-23
USD,AUD,1.5205,2024-01-24
USD,AUD,1.5191,2024-01-25
USD,AUD,1.5209,2024-01-26
USD,AUD,1.5127,2024-01-29
USD,AUD,1.5147,2024-01-30
USD,AUD,1.523,2024-01-31
USD,AUD,1.5216,2024-02-01
USD,AUD,1.5353,2024-02-02
USD,AUD,1.5425,2024-02-05
USD,AUD,1.5329,2024-02-06
USD,AUD,1.5336,2024-02-07
USD,AUD,1.5405,2024-02-08
USD,AUD,1.5328,2024-02-09
USD,AUD,1.5314,2024-02-12
USD,AUD,1.5496,2024-02-13
USD,AUD,1.5405,2024-02-14
USD,AUD,1.5327,2024-02-15
USD,AUD,1.531,2024-02-16
USD,AUD,1.5292,2024-02-19
USD,AUD,1.5271,2024-02-20
USD,AUD,1.5262,2024-02-21
USD,AUD,1.5258,2024-02-22
USD,AUD,1.5242,2024-02-23
USD,AUD,1.529,2024-02-26
USD,AUD,1.5282,2024-02-27
USD,AUD,1.5391,2024-02-28
USD,AUD,1.5389,2024-02-29
USD,AUD,1.5329,2024-03-01
USD,AUD,1.5357,2024-03-04
USD,AUD,1.5376,2024-03-05
USD,AUD,1.5235,2024-03-06
USD,AUD,1.5106,2024-03-07
USD,AUD,1.5088,2024-03-08
USD,AUD,1.5121,2024-03-11
USD,AUD,1.5137,2024-03-12
USD,AUD,1.5106,2024-03-13
USD,AUD,1.5196,2024-03-14
USD,AUD,1.5242,2024-03-15
USD,AUD,1.5244,2024-03-18
USD,AUD,1.5314,2024-03-19
USD,AUD,1.5183,2024-03-20
USD,AUD,1.5221,2024-03-21
USD,AUD,1.535,2024-03-22
USD,AUD,1.5291,2024-03-25
USD,AUD,1.5307,2024-03-26
USD,AUD,1.5304,2024-03-27
USD,AUD,1.5347,2024-03-28
USD,AUD,1.5333,2024-03-29
USD,AUD,1.5409,2024-04-01
USD,AUD,1.5342,2024-04-02
USD,AUD,1.5235,2024-04-03
USD,AUD,1.518,2024-04-04
USD,AUD,1.52,2024-04-05
USD,AUD,1.5142,2024-04-08
USD,AUD,1.5087,2024-04-09
USD,AUD,1.5354,2024-04-10
USD,AUD,1.5297,2024-04-11
USD,AUD,1.5474,2024-04-12
USD,AUD,1.5522,2024-04-15
USD,AUD,1.5622,2024-04-16
USD,AUD,1.554,2024-04-17
USD,AUD,1.5574,2024-04-18
USD,AUD,1.5582,2024-04-19
USD,AUD,1.5504,2024-04-22
USD,AUD,1.5416,2024-04-23
USD,AUD,1.5391,2024-04-24
USD,AUD,1.5342,2024-04-25
USD,AUD,1.5306,2024-04-26
USD,AUD,1.5229,2024-04-29
USD,AUD,1.5449,2024-04-30
USD,AUD,1.5331,2024-05-01
USD,AUD,1.5235,2024-05-02
USD,AUD,1.5129,2024-05-03
USD,AUD,1.5095,2024-05-06
USD,AUD,1.5158,2024-05-07
USD,AUD,1.5199,2024-05-08
USD,AUD,1.5106,2024-05-09
USD,AUD,1.5147,2024-05-10
USD,AUD,1.5133,2024-05-13
USD,AUD,1.5097,2024-05-14
USD,AUD,1.494,2024-05-15
USD,AUD,1.4975,2024-05-16
USD,AUD,1.4941,2024-05-17
USD,AUD,1.4997,2024-05-20
USD,AUD,1.5003,2024-05-21
USD,AUD,1.5107,2024-05-22
USD,AUD,1.5138,2024-05-23
USD,AUD,1.5088,2024-05-24
USD,AUD,1.5031,2024-05-27
USD,AUD,1.5039,2024-05-28
USD,AUD,1.5128,2024-05-29
USD,AUD,1.5075,2024-05-30
USD,AUD,1.5031,2024-05-31
USD,AUD,1.495,2024-06-03
USD,AUD,1.5049,2024-06-04
USD,AUD,1.5042,2024-06-05
USD,AUD,1.5003,2024-06-06
USD,AUD,1.5191,2024-06-07
USD,AUD,1.5129,2024-06-10
USD,AUD,1.5127,2024-06-11
USD,AUD,1.5006,2024-06-12
USD,AUD,1.507,2024-06-13
USD,AUD,1.5116,2024-06-14
USD,AUD,1.5122,2024-06-17
USD,AUD,1.5024,2024-06-18
USD,AUD,1.4988,2024-06-19
USD,AUD,1.5026,2024-06-20
USD,AUD,1.5058,2024-06-21
USD,AUD,1.5021,2024-06-24
USD,AUD,1.5047,2024-06-25
USD,AUD,1.5043,2024-06-26
USD,AUD,1.5045,2024-06-27
USD,AUD,1.4997,2024-06-28
USD,AUD,1.5014,2024-07-01
USD,AUD,1.5,2024-07-02
USD,AUD,1.4917,2024-07-03
USD,AUD,1.4865,2024-07-04
USD,AUD,1.4815,2024-07-05
USD,AUD,1.4842,2024-07-08
USD,AUD,1.4836,2024-07-09
USD,AUD,1.482,2024-07-10
USD,AUD,1.4793,2024-07-11
USD,AUD,1.4741,2024-07-12
USD,AUD,1.4793,2024-07-15
USD,AUD,1.485,2024-07-16
USD,AUD,1.4859,2024-07-17
USD,AUD,1.4912,2024-07-18
USD,AUD,1.4964,2024-07-19
USD,AUD,1.5054,2024-07-22
USD,AUD,1.5117,2024-07-23
USD,AUD,1.5196,2024-07-24
USD,AUD,1.5293,2024-07-25
USD,AUD,1.5272,2024-07-26
USD,AUD,1.527,2024-07-29
USD,AUD,1.5296,2024-07-30
USD,AUD,1.5289,2024-07-31
USD,AUD,1.5381,2024-08-01
USD,AUD,1.5361,2024-08-02
USD,AUD,1.5389,2024-08-05
USD,AUD,1.5336,2024-08-06
USD,AUD,1.5337,2024-08-07
USD,AUD,1.5169,2024-08-08
USD,AUD,1.5215,2024-08-09
USD,AUD,1.5183,2024-08-12
USD,AUD,1.5074,2024-08-13
USD,AUD,1.516,2024-08-14
USD,AUD,1.5123,2024-08-15
USD,AUD,1.4995,2024-08-16
USD,AUD,1.4853,2024-08-19
USD,AUD,1.4828,2024-08-20
USD,AUD,1.4829,2024-08-21
USD,AUD,1.4913,2024-08-22
USD,AUD,1.472,2024-08-23
USD,AUD,1.4768,2024-08-26
USD,AUD,1.4722,2024-08-27
USD,AUD,1.4737,2024-08-28
USD,AUD,1.471,2024-08-29
USD,AUD,1.4783,2024-08-30
USD,AUD,1.4726,2024-09-02
USD,AUD,1.4901,2024-09-03
USD,AUD,1.4871,2024-09-04
USD,AUD,1.4836,2024-09-05
USD,AUD,1.4992,2024-09-06
USD,AUD,1.5014,2024-09-09
USD,AUD,1.5033,2024-09-10
USD,AUD,1.4983,2024-09-11
USD,AUD,1.4876,2024-09-12
USD,AUD,1.4918,2024-09-13
USD,AUD,1.4812,2024-09-16
USD,AUD,1.4803,2024-09-17
USD,AUD,1.4784,2024-09-18
USD,AUD,1.4673,2024-09-19
USD,AUD,1.4692,2024-09-20
USD,AUD,1.4623,2024-09-23
USD,AUD,1.4511,2024-09-24
USD,AUD,1.4656,2024-09-25
USD,AUD,1.4502,2024-09-26
USD,AUD,1.4488,2024-09-27
USD,AUD,1.4467,2024-09-30
USD,AUD,1.4528,2024-10-01
USD,AUD,1.4524,2024-10-02
USD,AUD,1.4619,2024-10-03
USD,AUD,1.4714,2024-10-04
USD,AUD,1.4798,2024-10-07
USD,AUD,1.4822,2024-10-08
USD,AUD,1.4886,2024-10-09
USD,AUD,1.4835,2024-10-10
USD,AUD,1.4814,2024-10-11
USD,AUD,1.4868,2024-10-14
USD,AUD,1.4918,2024-10-15
USD,AUD,1.5,2024-10-16
USD,AUD,1.4933,2024-10-17
USD,AUD,1.491,2024-10-18
USD,AUD,1.5018,2024-10-21
USD,AUD,1.4967,2024-10-22
USD,AUD,1.5074,2024-10-23
USD,AUD,1.5059,2024-10-24
USD,AUD,1.5143,2024-10-25
USD,AUD,1.519,2024-10-28
USD,AUD,1.5243,2024-10-29
USD,AUD,1.5215,2024-10-30
USD,AUD,1.5194,2024-10-31
USD,AUD,1.5244,2024-11-01
USD,AUD,1.5187,2024-11-04
USD,AUD,1.5064,2024-11-05
USD,AUD,1.5221,2024-11-06
USD,AUD,1.4972,2024-11-07
USD,AUD,1.5191,2024-11-08
USD,AUD,1.5209,2024-11-11
USD,AUD,1.5306,2024-11-12
USD,AUD,1.5419,2024-11-13
USD,AUD,1.5496,2024-11-14
USD,AUD,1.5475,2024-11-15
USD,AUD,1.5367,2024-11-18
USD,AUD,1.5311,2024-11-19
USD,AUD,1.5372,2024-11-20
USD,AUD,1.5358,2024-11-21
USD,AUD,1.5381,2024-11-22
USD,AUD,1.5375,2024-11-25
USD,AUD,1.5447,2024-11-26
USD,AUD,1.5392,2024-11-27
USD,AUD,1.5386,2024-11-28
USD,AUD,1.5357,2024-11-29
USD,AUD,1.5447,2024-12-02
USD,AUD,1.5418,2024-12-03
USD,AUD,1.5551,2024-12-04
USD,AUD,1.5498,2024-12-05
USD,AUD,1.5651,2024-12-06
USD,AUD,1.5529,2024-12-09
USD,AUD,1.568,2024-12-10
USD,AUD,1.5701,2024-12-11
USD,AUD,1.5703,2024-12-12
USD,AUD,1.5716,2024-12-13
USD,AUD,1.5696,2024-12-16
USD,AUD,1.5777,2024-12-17
USD,AUD,1.6083,2024-12-18
USD,AUD,1.603,2024-12-19
USD,AUD,1.5999,2024-12-20
USD,AUD,1.6004,2024-12-23
USD,AUD,1.6031,2024-12-24
USD,AUD,1.6026,2024-12-25
USD,AUD,1.6076,2024-12-26
USD,AUD,1.6083,2024-12-27
USD,AUD,1.6075,2024-12-30
USD,AUD,1.6161,2024-12-31
USD,AUD,1.6153,2025-01-01
USD,AUD,1.612,2025-01-02
USD,AUD,1.6093,2025-01-03
USD,AUD,1.6011,2025-01-06
USD,AUD,1.6052,2025-01-07
USD,AUD,1.6089,2025-01-08
USD,AUD,1.6141,2025-01-09
USD,AUD,1.6266,2025-01-10
USD,AUD,1.6187,2025-01-13
USD,AUD,1.6144,2025-01-14
USD,AUD,1.606,2025-01-15
USD,AUD,1.6096,2025-01-16
USD,AUD,1.6149,2025-01-17
USD,AUD,1.5938,2025-01-20
USD,AUD,1.5939,2025-01-21
USD,AUD,1.594,2025-01-22
USD,AUD,1.591,2025-01-23
USD,AUD,1.5844,2025-01-24
USD,AUD,1.5892,2025-01-27
USD,AUD,1.5992,2025-01-28
USD,AUD,1.6048,2025-01-29
USD,AUD,1.6106,2025-01-30
USD,AUD,1.6098,2025-01-31
USD,AUD,1.606,2025-02-03
USD,AUD,1.5989,2025-02-04
USD,AUD,1.591,2025-02-05
USD,AUD,1.5915,2025-02-06
USD,AUD,1.5945,2025-02-07
USD,AUD,1.5931,2025-02-10
USD,AUD,1.5887,2025-02-11
USD,AUD,1.5922,2025-02-12
USD,AUD,1.5829,2025-02-13
USD,AUD,1.5743,2025-02-14
USD,AUD,1.5734,2025-02-17
USD,AUD,1.5742,2025-02-18
USD,AUD,1.5761,2025-02-19
USD,AUD,1.5624,2025-02-20
USD,AUD,1.5729,2025-02-21
USD,AUD,1.5748,2025-02-24
USD,AUD,1.5762,2025-02-25
USD,AUD,1.5857,2025-02-26
USD,AUD,1.6036,2025-02-27
USD,AUD,1.6107,2025-02-28
USD,AUD,1.6065,2025-03-03
USD,AUD,1.5942,2025-03-04
USD,AUD,1.5784,2025-03-05
USD,AUD,1.579,2025-03-06
USD,AUD,1.5859,2025-03-07
USD,AUD,1.5928,2025-03-10
USD,AUD,1.5877,2025-03-11
USD,AUD,1.5822,2025-03-12
USD,AUD,1.5911,2025-03-13
USD,AUD,1.5814,2025-03-14
USD,AUD,1.5664,2025-03-17
USD,AUD,1.572,2025-03-18
USD,AUD,1.573,2025-03-19
USD,AUD,1.5867,2025-03-20
USD,AUD,1.5947,2025-03-21
USD,AUD,1.591,2025-03-24
USD,AUD,1.5864,2025-03-25
USD,AUD,1.5877,2025-03-26
USD,AUD,1.5862,2025-03-27
USD,AUD,1.5905,2025-03-28
USD,AUD,1.6007,2025-03-31
USD,AUD,1.5929,2025-04-01
USD,AUD,1.5873,2025-04-02
USD,AUD,1.5802,2025-04-03
USD,AUD,1.6546,2025-04-04
USD,AUD,1.6709,2025-04-07
USD,AUD,1.6788,2025-04-08
USD,AUD,1.6253,2025-04-09
USD,AUD,1.6067,2025-04-10
USD,AUD,1.5906,2025-04-11
USD,AUD,1.5804,2025-04-14
USD,AUD,1.5762,2025-04-15
USD,AUD,1.5698,2025-04-16
USD,AUD,1.5653,2025-04-17
USD,AUD,1.5684,2025-04-18
USD,AUD,1.5584,2025-04-21
USD,AUD,1.571,2025-04-22
USD,AUD,1.5725,2025-04-23
USD,AUD,1.56,2025-04-24
USD,AUD,1.5635,2025-04-25
USD,AUD,1.5547,2025-04-28
USD,AUD,1.5665,2025-04-29
USD,AUD,1.5619,2025-04-30
USD,AUD,1.5666,2025-05-01
USD,AUD,1.5518,2025-05-02
USD,AUD,1.5459,2025-05-05
USD,AUD,1.5397,2025-05-06
USD,AUD,1.5564,2025-05-07
USD,AUD,1.5625,2025-05-08
USD,AUD,1.5596,2025-05-09
USD,AUD,1.5586,2025-05-11
USD,AUD,1.5694,2025-05-12
USD,AUD,1.5454,2025-05-13
USD,AUD,1.5556,2025-05-14
USD,AUD,1.5608,2025-05-15
USD,AUD,1.5618,2025-05-16
USD,AUD,1.5605,2025-05-18
USD,AUD,1.5487,2025-05-19
USD,AUD,1.5567,2025-05-20
USD,AUD,1.5535,2025-05-21
USD,AUD,1.56,2025-05-22
USD,AUD,1.5398,2025-05-23
USD,AUD,1.5413,2025-05-25
USD,AUD,1.5419,2025-05-26
USD,AUD,1.5519,2025-05-27
USD,AUD,1.556,2025-05-28
USD,AUD,1.5525,2025-05-29
USD,AUD,1.5549,2025-05-30
USD,AUD,1.5538,2025-06-01
USD,AUD,1.5394,2025-06-02
USD,AUD,1.5475,2025-06-03
USD,AUD,1.5404,2025-06-04
USD,AUD,1.5371,2025-06-05
USD,AUD,1.5403,2025-06-06
USD,AUD,1.5389,2025-06-08
USD,AUD,1.5345,2025-06-09
USD,AUD,1.5333,2025-06-10
USD,AUD,1.5384,2025-06-11
USD,AUD,1.5306,2025-06-12
USD,AUD,1.5413,2025-06-13
USD,AUD,1.5411,2025-06-15
USD,AUD,1.5329,2025-06-16
USD,AUD,1.5444,2025-06-17
USD,AUD,1.5366,2025-06-18
USD,AUD,1.5429,2025-06-19
USD,AUD,1.5503,2025-06-20
USD,AUD,1.5545,2025-06-22
USD,AUD,1.5481,2025-06-23
USD,AUD,1.5411,2025-06-24
USD,AUD,1.5354,2025-06-25
USD,AUD,1.5276,2025-06-26
USD,AUD,1.5313,2025-06-27
USD,AUD,1.5288,2025-06-29
USD,AUD,1.5196,2025-06-30
USD,AUD,1.5191,2025-07-01
USD,AUD,1.519,2025-07-02
USD,AUD,1.5217,2025-07-03
USD,AUD,1.526,2025-07-04
USD,AUD,1.5239,2025-07-06
USD,AUD,1.5406,2025-07-07
USD,AUD,1.5313,2025-07-08
USD,AUD,1.5302,2025-07-09
USD,AUD,1.518,2025-07-10
USD,AUD,1.5198,2025-07-11
USD,AUD,1.523,2025-07-13
USD,AUD,1.5279,2025-07-14
USD,AUD,1.535,2025-07-15
USD,AUD,1.5318,2025-07-16
USD,AUD,1.5412,2025-07-17
USD,AUD,1.5361,2025-07-18
USD,AUD,1.5337,2025-07-20
USD,AUD,1.5326,2025-07-21
USD,AUD,1.5257,2025-07-22
USD,AUD,1.5148,2025-07-23
USD,AUD,1.5175,2025-07-24
USD,AUD,1.5229,2025-07-25
USD,AUD,1.5214,2025-07-27
USD,AUD,1.5335,2025-07-28
USD,AUD,1.5362,2025-07-29
USD,AUD,1.5545,2025-07-30
USD,AUD,1.5563,2025-07-31
USD,AUD,1.5439,2025-08-01
USD,AUD,1.5458,2025-08-03
USD,AUD,1.5461,2025-08-04
USD,AUD,1.545,2025-08-05
USD,AUD,1.5378,2025-08-06
USD,AUD,1.5328,2025-08-07
USD,AUD,1.5322,2025-08-08
USD,AUD,1.5326,2025-08-10
USD,AUD,1.5354,2025-08-11
USD,AUD,1.5316,2025-08-12
USD,AUD,1.5278,2025-08-13
USD,AUD,1.5398,2025-08-14
USD,AUD,1.5368,2025-08-15
USD,AUD,1.5361,2025-08-17
USD,AUD,1.5405,2025-08-18
USD,AUD,1.5495,2025-08-19
USD,AUD,1.5544,2025-08-20
USD,AUD,1.5575,2025-08-21
USD,AUD,1.5409,2025-08-22
USD,AUD,1.5399,2025-08-24
USD,AUD,1.5426,2025-08-25
USD,AUD,1.5398,2025-08-26
USD,AUD,1.5371,2025-08-27
USD,AUD,1.531,2025-08-28
USD,AUD,1.529,2025-08-29
USD,AUD,1.5265,2025-08-31
USD,AUD,1.5261,2025-09-01
USD,AUD,1.5339,2025-09-02
USD,AUD,1.528,2025-09-03
USD,AUD,1.5343,2025-09-04
USD,AUD,1.5251,2025-09-05
USD,AUD,1.5253,2025-09-07
USD,AUD,1.5173,2025-09-08
USD,AUD,1.5185,2025-09-09
USD,AUD,1.512,2025-09-10
USD,AUD,1.5019,2025-09-11
USD,AUD,1.5038,2025-09-12
USD,AUD,1.5033,2025-09-14
USD,AUD,1.4995,2025-09-15
USD,AUD,1.4959,2025-09-16
USD,AUD,1.5031,2025-09-17
USD,AUD,1.5125,2025-09-18
USD,AUD,1.5165,2025-09-19
USD,AUD,1.5138,2025-09-21
USD,AUD,1.5153,2025-09-22
USD,AUD,1.5155,2025-09-23
USD,AUD,1.5191,2025-09-24
USD,AUD,1.529,2025-09-25
USD,AUD,1.5276,2025-09-26
USD,AUD,1.5263,2025-09-28
USD,AUD,1.5205,2025-09-29
USD,AUD,1.5121,2025-09-30
USD,AUD,1.5122,2025-10-01
USD,AUD,1.5161,2025-10-02
USD,AUD,1.5142,2025-10-03
USD,AUD,1.5175,2025-10-05
USD,AUD,1.5112,2025-10-06
USD,AUD,1.5194,2025-10-07
USD,AUD,1.5183,2025-10-08
USD,AUD,1.5253,2025-10-09
USD,AUD,1.5451,2025-10-10
USD,AUD,1.5352,2025-10-12
USD,AUD,1.535,2025-10-13
USD,AUD,1.5418,2025-10-14
USD,AUD,1.5354,2025-10-15
USD,AUD,1.5422,2025-10-16
USD,AUD,1.5392,2025-10-17
USD,AUD,1.5389,2025-10-19
USD,AUD,1.5354,2025-10-20
USD,AUD,1.5413,2025-10-21
USD,AUD,1.5413,2025-10-22
USD,AUD,1.5355,2025-10-23
USD,AUD,1.5353,2025-10-24
USD,AUD,1.5291,2025-10-26
USD,AUD,1.5252,2025-10-27
USD,AUD,1.5186,2025-10-28
USD,AUD,1.5211,2025-10-29
USD,AUD,1.5256,2025-10-30
USD,AUD,1.5277,2025-10-31
USD,AUD,1.5272,2025-11-02
USD,AUD,1.5296,2025-11-03
USD,AUD,1.541,2025-11-04
USD,AUD,1.5371,2025-11-05
USD,AUD,1.5433,2025-11-06
USD,AUD,1.5399,2025-11-07
USD,AUD,1.5396,2025-11-09
USD,AUD,1.5301,2025-11-10
USD,AUD,1.532,2025-11-11
USD,AUD,1.529,2025-11-12
USD,AUD,1.5318,2025-11-13
USD,AUD,1.5298,2025-11-14
USD,AUD,1.5298,2025-11-16
USD,AUD,1.5399,2025-11-17
USD,AUD,1.5367,2025-11-18
USD,AUD,1.5435,2025-11-19
USD,AUD,1.5528,2025-11-20
USD,AUD,1.549,2025-11-21
USD,AUD,1.5477,2025-11-23
USD,AUD,1.5469,2025-11-24
USD,AUD,1.5459,2025-11-25
USD,AUD,1.5343,2025-11-26
USD,AUD,1.5305,2025-11-27
USD,AUD,1.5267,2025-11-28
USD,AUD,1.5267,2025-11-30
USD,AUD,1.5283,2025-12-01
USD,AUD,1.5235,2025-12-02
USD,AUD,1.515,2025-12-03
USD,AUD,1.5129,2025-12-04
USD,AUD,1.506,2025-12-05
USD,AUD,1.506,2025-12-07
USD,AUD,1.5097,2025-12-08
USD,AUD,1.5057,2025-12-09
USD,AUD,1.498,2025-12-10
USD,AUD,1.5005,2025-12-11
USD,AUD,1.5032,2025-12-12
USD,AUD,1.5053,2025-12-14
USD,AUD,1.5059,2025-12-15
USD,AUD,1.5069,2025-12-16
